Start,End,Date Time,Day of the Week,Survey Location,Agency Name,Agency Department,First Visit,Office Details,Agency Purpose,Men enter Freely,Men enter.Explain,Women enter Freely,Women enter.Explain,Number of Men Employees,Number of Women Employees,Number of Men Visitors,Number of Women Visitors,Number of Women with Men,Women treated same as Men,Women treated.Explain,Additional Comments,End_time_of_visit,Please_feel_free_to_s_important_to_share,__version__,meta/instanceID,_id,_uuid,_submission_time,_date_modified
2023-02-15T09:31:33.751Z,2023-02-15T12:40:58.140Z,2023-02-15T12:58:00.000Z,Tuesday,Bo,Sierra Leone Police ,Family Support Unit ,Yes,The place well populated with complainants,"To mediate, investigate, Charge and Prosecute ",Yes,n/a,Yes,n/a,8,4,6,10,2,Yes,n/a,No,12:40:00.000Z,n/a,vh7oZxJjY9MUV4fUUctTBN,uuid:b556de1f-9d33-4456-b113-545c2c938a35,109356543,b556de1f-9d33-4456-b113-545c2c938a35,2023-02-15T15:42:44,2023-02-15T15:42:45
2023-02-15T13:15:43.914Z,2023-02-15T13:21:39.072Z,2023-02-15T13:35:00.000Z,Wednesday,Bo,NASSIT,The Reception ,Yes,Open office men and women coming to seek information ,National Social Security ,Yes,n/a,Yes,n/a,2,14,6,3,0,Yes,n/a,None ,13:21:00.000Z,n/a,vh7oZxJjY9MUV4fUUctTBN,uuid:12e75d5a-ae0e-4872-8431-60e3e511bdd1,109356625,12e75d5a-ae0e-4872-8431-60e3e511bdd1,2023-02-15T15:42:58,2023-02-15T15:42:58
2023-02-15T11:52:44.436Z,2023-02-15T15:50:39.985Z,2023-02-16T10:00:00.000Z,Thursday,Bo,Police station,Family Support Unit,Yes,More women are at the police station with a lot of complains.,"Mediate, investigate, Charge and prosecute",Yes,n/a,Yes,n/a,7,4,19,22,5,Yes,n/a,None ,11:40:00.000Z,n/a,vh7oZxJjY9MUV4fUUctTBN,uuid:5487f700-7c6d-44e4-8e46-aed845385acf,109358809,5487f700-7c6d-44e4-8e46-aed845385acf,2023-02-15T15:50:59,2023-02-15T15:50:59
2023-02-16T10:31:40.652Z,2023-02-16T14:19:43.636Z,2023-02-16T09:21:00.000Z,Thursday,Bo,Ministry of Lands,Reception,No,n/a,n/a,Yes,n/a,Yes,n/a,12,1,14,3,0,Yes,n/a,n/a,11:50:00.000Z,n/a,vh7oZxJjY9MUV4fUUctTBN,uuid:d76bfb0d-0b17-4d3c-89c9-07778714c060,109407409,d76bfb0d-0b17-4d3c-89c9-07778714c060,2023-02-16T14:20:53,2023-02-16T14:20:53
2023-02-13T09:57:45.675Z,2023-02-13T10:04:56.752Z,2023-02-13T09:41:00.000Z,Monday,Freetown,Ministry of Labour and Social Security ,Visitors waiting room,No,n/a,n/a,Yes,n/a,Yes,n/a,7,3,2,1,0,Yes,n/a,"From my observation from this ministry, women are treated equally as men, this should be applied in every other offices.",09:44:00.000Z,n/a,vh7oZxJjY9MUV4fUUctTBN,uuid:bbdfe3af-89df-4e7e-8c5f-1bc48539127a,109416433,bbdfe3af-89df-4e7e-8c5f-1bc48539127a,2023-02-16T18:49:05,2023-02-16T18:49:05
2023-02-13T11:06:06.858Z,2023-02-13T11:12:03.500Z,2023-02-13T11:50:00.000Z,Monday,Freetown,Ministry of Labour and Social Security ,The visitors waiting room,No,n/a,n/a,Yes,n/a,Yes,n/a,3,2,1,1,0,Yes,n/a,"On this time of visit, it was observed that the office was out of power supply which caused most staff to go out of Office.",12:38:00.000Z,n/a,vh7oZxJjY9MUV4fUUctTBN,uuid:96b9f935-33a5-4984-b36f-58f7432d572c,109416436,96b9f935-33a5-4984-b36f-58f7432d572c,2023-02-16T18:49:07,2023-02-16T18:49:07
2023-02-13T11:29:47.415Z,2023-02-13T11:35:24.283Z,2023-02-13T14:41:00.000Z,Monday,Freetown,Ministry of Labour and Social Security ,Visitors waiting room ,No,n/a,n/a,Yes,n/a,Yes,n/a,4,3,3,1,1,Yes,n/a,"From my observation, it was meant to understand that women are even given more priority in this Ministry than men.",15:31:00.000Z,n/a,vh7oZxJjY9MUV4fUUctTBN,uuid:b2bc7bdc-10ee-4e52-a688-24ab41edfb54,109416438,b2bc7bdc-10ee-4e52-a688-24ab41edfb54,2023-02-16T18:49:08,2023-02-16T18:49:08
2023-02-14T09:17:13.320Z,2023-02-14T13:46:54.871Z,2023-02-14T08:47:00.000Z,Tuesday,Freetown,Ministry of Labour and Social Security,Visitors waiting room,No,n/a,n/a,Yes,n/a,Yes,n/a,5,2,2,0,0,Yes,n/a,"At the time of visit, no women was saw visiting the Office.",09:05:00.000Z,n/a,vh7oZxJjY9MUV4fUUctTBN,uuid:f9051ddf-7cb3-49ef-b4c2-92d08d49add9,109416439,f9051ddf-7cb3-49ef-b4c2-92d08d49add9,2023-02-16T18:49:09,2023-02-16T18:49:09
2023-02-14T12:56:53.524Z,2023-02-15T22:19:13.977Z,2023-02-14T13:56:00.000Z,Tuesday,Freetown,Ministry of Social Welfare,At the corridor of the department of procurement,Yes,Build with boards and looking old and ware.,"Disability issues, Human Trafficking issues etc.",Yes,n/a,Yes,n/a,4,7,3,6,2,Yes,n/a,"Their is no place where visitors can wait, I was sitting outside the corridor with confrontation from some of the staff.",14:18:00.000Z,n/a,vh7oZxJjY9MUV4fUUctTBN,uuid:9e420601-e0d5-4a6d-bf23-4b3c6606b83f,109416500,9e420601-e0d5-4a6d-bf23-4b3c6606b83f,2023-02-16T18:51:44,2023-02-16T18:51:44
2023-02-14T12:58:23.306Z,2023-02-16T10:59:23.157Z,2023-02-14T16:18:00.000Z,Tuesday,Freetown,Ministry of Social Welfare,Procurement (at the corridor),No,n/a,n/a,Yes,n/a,Yes,n/a,3,5,3,5,0,Yes,n/a,Women should be more encouraged to visit offices to seek for information.,16:14:00.000Z,n/a,vh7oZxJjY9MUV4fUUctTBN,uuid:1b0c3db1-6caa-416c-8df9-f8b229b7aa34,109416501,1b0c3db1-6caa-416c-8df9-f8b229b7aa34,2023-02-16T18:51:44,2023-02-16T18:51:44
2023-02-16T11:30:56.965Z,2023-02-16T18:50:06.619Z,2023-02-16T12:50:00.000Z,Thursday,Freetown,Freetown City Council,Main entrance,No,n/a,n/a,Yes,n/a,Yes,n/a,53,46,36,48,19,Yes,n/a,"It will be good if other offices copy the way Freetown City Council work structure is, their working process is smooth.",13:09:00.000Z,n/a,vh7oZxJjY9MUV4fUUctTBN,uuid:a67ac788-d109-4274-8e56-9d024ea81a84,109416502,a67ac788-d109-4274-8e56-9d024ea81a84,2023-02-16T18:51:45,2023-02-16T18:51:45
2023-02-18T12:18:52.485Z,2023-02-18T12:23:34.169Z,2023-02-18T10:39:00.000Z,Saturday,Kallahun,Send Sierra Leone ,n/a,No,n/a,n/a,Yes,n/a,Yes,n/a,9,5,15,4,2,Yes,n/a,No,n/a,n/a,vh7oZxJjY9MUV4fUUctTBN,uuid:fcd96c99-8903-4a82-ae7c-567050e63165,109537316,fcd96c99-8903-4a82-ae7c-567050e63165,2023-02-20T16:25:37,2023-02-20T16:25:37
2023-02-20T11:41:59.992Z,2023-02-20T13:17:46.295Z,2023-02-20T12:54:00.000Z,Monday,Kallahun,District council ,Engineering department ,Yes,"Administratively, the offices are very conducive and open to all seeking information, making recommendations or giving out intelligence regardless one status.
On the other hand, based on my observation and data analysis, the office is not gender sensitive in term of staffing but rather being dominated by Male staff i.e over 85% male out of 100%.
","â€¢ Implement Government policies in the district. 
â€¢ It is further charge with the responsibility in the  implementation and monitoring of developmental projects brought in by Government, INGOs, NGOs and CBOs District wild.
â€¢ Rasing of home based revenue to complement Government's effect in terms of development.
â€¢ Mobilize and manage community service and assets.",Yes,n/a,Yes,n/a,26,5,60,40,7,Yes,n/a,No,16:05:00.000Z,n/a,vh7oZxJjY9MUV4fUUctTBN,uuid:89518e8b-c97b-4a09-a6f4-9bd6712c043d,109537317,89518e8b-c97b-4a09-a6f4-9bd6712c043d,2023-02-20T16:25:42,2023-02-20T16:25:42
2023-02-20T13:18:47.821Z,2023-02-20T13:30:43.810Z,2023-02-19T11:09:00.000Z,Sunday,Kallahun,Kailahun Police Station ,Family Support Unit (F.S.U),No,n/a,n/a,Yes,n/a,Yes,n/a,2,1,21,45,9,Yes,n/a,The office is accessable to all regardless your status and equal treatment is giving to all visitors be man or woman.,13:40:00.000Z,n/a,vh7oZxJjY9MUV4fUUctTBN,uuid:41652128-1328-4d42-a906-67c9a9cac888,109537318,41652128-1328-4d42-a906-67c9a9cac888,2023-02-20T16:25:48,2023-02-20T16:25:48
2023-02-20T13:31:03.620Z,2023-02-20T13:50:50.521Z,2023-02-17T09:30:00.000Z,Friday,Kallahun,"National Revenue Authority (N.R.A)
",National Revenue Authority (N.R.A),Yes,"The office is located in Kissi Town section Kailahun town. It is a story building and is found up stairs in one the apartment and very conducive. 
It is open to all but not disability friendly because of it location.
Though open to all but information are somehow difficult access due to their office protocols.",Collection of National Revenue ,Yes,n/a,Yes,n/a,2,0,7,5,2,Yes,n/a,"The office is not gender sensitive not conducive for disables. It is also hard to get access to information.
",16:15:00.000Z,n/a,vh7oZxJjY9MUV4fUUctTBN,uuid:d160308c-d08a-467c-bbc8-53fc000937d0,109537320,d160308c-d08a-467c-bbc8-53fc000937d0,2023-02-20T16:25:53,2023-02-20T16:25:53
2023-02-13T17:17:03.215Z,2023-02-21T12:27:02.531Z,2023-02-13T17:57:00.000Z,Monday,Port Loko,Human Rights Commission ,Complain Department ,Yes,"Three Table, Photos of the commissioner ",Protect and Promote citizens right According to the 1991 constitution of Sierra Leone is mandatory for all citizens to have equal rights  ,Yes,n/a,Yes,n/a,4,3,10,8,2,Yes,n/a,No,n/a,n/a,vh7oZxJjY9MUV4fUUctTBN,uuid:28740b16-9b19-43ec-8e5d-582508db5426,109582796,28740b16-9b19-43ec-8e5d-582508db5426,2023-02-21T12:53:09,2023-02-21T12:53:09
2023-02-16T11:15:42.025Z,2023-02-21T12:37:55.271Z,2023-02-16T11:55:00.000Z,Thursday,Port Loko,Port Loko District Council ,Information Room,Yes,"Chair's, table, clock,",Local government issues and support the central government,Yes,n/a,Yes,n/a,6,3,7,2,1,Yes,n/a,No,n/a,n/a,vh7oZxJjY9MUV4fUUctTBN,uuid:83cea714-f5ab-4706-b247-32e3685926fd,109582805,83cea714-f5ab-4706-b247-32e3685926fd,2023-02-21T12:53:18,2023-02-21T12:53:18
2023-02-17T17:45:44.930Z,2023-02-21T12:51:51.804Z,2023-02-17T18:26:00.000Z,Friday,Port Loko,National Revinue Authority {NRA},n/a,Yes,"Table, chairs, ",Collecting money and check for goods coming in and out of the country ,Yes,n/a,Yes,n/a,5,1,16,5,5,Yes,n/a,No,n/a,n/a,vh7oZxJjY9MUV4fUUctTBN,uuid:07b600b6-195d-4dcb-813c-47c9e6a0d066,109582806,07b600b6-195d-4dcb-813c-47c9e6a0d066,2023-02-21T12:53:19,2023-02-21T12:53:19
2023-02-17T17:50:57.988Z,2023-02-21T12:44:29.581Z,2023-02-17T18:51:00.000Z,Friday,Port Loko,Social Welfare ,Guidance and Maintenance ,Yes,"Yellow paint, single table five chair's and calender , frame of his Excellence BIO",Helping to solve family members issues and also coordinate and Promote social Welfare business ie bringing inter-religious together and Disability issues ,Yes,n/a,Yes,n/a,7,4,3,2,3,Yes,n/a,No,n/a,n/a,vh7oZxJjY9MUV4fUUctTBN,uuid:01d58354-87d4-4fb9-a501-5dd3a949c04f,109582808,01d58354-87d4-4fb9-a501-5dd3a949c04f,2023-02-21T12:53:19,2023-02-21T12:53:19
2023-02-24T07:01:48.177Z,2023-02-24T07:20:43.167Z,2023-02-21T10:44:00.000Z,Tuesday,Kallahun,Ministry of Agriculture ,Engineering department ,No,n/a,n/a,Yes,n/a,Yes,n/a,1,4,1,0,0,Yes,n/a,Ministry of Agriculture is encouraging women to take part in their organization especially in the engineering department.,14:20:00.000Z,n/a,vh7oZxJjY9MUV4fUUctTBN,uuid:51ef1eeb-827b-4ad3-b49e-6dc0e01fcda3,109787138,51ef1eeb-827b-4ad3-b49e-6dc0e01fcda3,2023-02-26T20:39:28,2023-02-26T20:39:28
2023-02-24T07:20:49.677Z,2023-02-24T07:26:40.539Z,2023-02-24T22:33:00.000Z,Thursday,Kallahun,Ministry of Agriculture ,Crop protection department ,No,n/a,n/a,Yes,n/a,Yes,n/a,1,3,20,5,3,Yes,n/a,They deal with groups and some group are for women while others are for both men and women.,13:25:00.000Z,n/a,vh7oZxJjY9MUV4fUUctTBN,uuid:47816abc-5921-4151-999b-0c4d09dfc1c2,109787139,47816abc-5921-4151-999b-0c4d09dfc1c2,2023-02-26T20:39:28,2023-02-26T20:39:28
2023-02-24T07:32:08.547Z,2023-02-24T07:37:11.880Z,2023-02-22T10:51:00.000Z,Wednesday,Kallahun,Ministry of Agriculture kailahun ,Extension department ,No,n/a,n/a,Yes,n/a,Yes,n/a,6,1,23,10,3,Yes,n/a,They are training and organizing tem to work with women in the field ,16:03:00.000Z,n/a,vh7oZxJjY9MUV4fUUctTBN,uuid:58518be2-2358-4f84-be52-c9e1cc3974cd,109787140,58518be2-2358-4f84-be52-c9e1cc3974cd,2023-02-26T20:39:29,2023-02-26T20:39:29
2023-01-22T22:53:38.339Z,2023-02-21T18:44:59.066Z,2023-02-14T16:13:00.000Z,Tuesday,Port Loko,Sierra Leone Police,Family Support Unit.{FSU},Yes,Painted Blue and Police calendar having the pictures ie Inspection General {IG} all the Assistance Inspection General {AIG} senior police officer around the country,Dealing with marital issues and Sexual Gender Base Violence {SGBV}  and also settled family members matter,Yes,n/a,Yes,n/a,2,4,3,5,7,Yes,n/a,Mainly to maintain Peace and settled family matter and decision making so that Men who are not responsible adhere to the what the laws says,16:51:00.000Z,n/a,vh7oZxJjY9MUV4fUUctTBN,uuid:c2e8cc2e-7eb6-49cd-85b8-dba7f391a9de,109838438,c2e8cc2e-7eb6-49cd-85b8-dba7f391a9de,2023-02-27T17:19:15,2023-02-27T17:19:15
2023-02-14T16:37:02.865Z,2023-02-21T18:45:06.862Z,2023-02-14T16:37:00.000Z,Tuesday,Port Loko,Ministry of Lands,Survey Department,Yes,Word Map at the waiting room and Clock,For survey all  purpose,Yes,n/a,Yes,n/a,4,0,6,4,3,Yes,n/a,No,16:46:00.000Z,n/a,vh7oZxJjY9MUV4fUUctTBN,uuid:9cc4574f-85cd-4fc7-95ab-d6cf60c51b77,109838440,9cc4574f-85cd-4fc7-95ab-d6cf60c51b77,2023-02-27T17:19:16,2023-02-27T17:19:16
2023-02-16T16:45:57.114Z,2023-02-21T18:47:53.688Z,2023-02-16T15:46:00.000Z,Thursday,Port Loko,NASSIT,Finance Department,Yes,"Decent surrounding butter colour paint outside and inside three chairs, long table wall clock,frame of the President of sierra Leone His Excellence Bio and photos of Director of NASSIT and some senior staff ",Issuing out cheques for beneficiary and also depositing money,Yes,n/a,Yes,n/a,2,1,16,7,4,Yes,n/a,No Ram for disable accessing up Stearns,n/a,n/a,vh7oZxJjY9MUV4fUUctTBN,uuid:c1c70be6-d67b-473c-b27b-66dcb43c955e,109838442,c1c70be6-d67b-473c-b27b-66dcb43c955e,2023-02-27T17:19:16,2023-02-27T17:19:16
2023-02-14T12:41:12.707Z,2023-03-02T10:27:48.126Z,2023-02-14T12:21:00.000Z,Tuesday,Freetown,Ministry of Social Welfare,Outside the office of the Procurement,Yes,"Build with board and some metals, the area is sloppy. The offices are dispersed.",Social Welfare functions,Yes,n/a,Yes,n/a,5,10,3,5,0,Yes,n/a,Their is lot of challenges especially in the sitting place to observe.,12:46:00.000Z,n/a,vh7oZxJjY9MUV4fUUctTBN,uuid:9b9f94b8-693d-4e8f-a07f-16fb5ee84e50,110037791,9b9f94b8-693d-4e8f-a07f-16fb5ee84e50,2023-03-02T10:28:18,2023-03-02T10:28:18
2023-02-16T10:59:28.010Z,2023-03-02T10:27:35.803Z,2023-02-16T10:40:00.000Z,Thursday,Freetown,Freetown City Council,At the main entrance,Yes,The building is a 15 floor building that is electronically finished with lifts. It has a wide parking space and is easy to locate the offices. Though some of the lifts are not currently functioning.,They deal with all related issues concerning the development of Freetown City.,Yes,n/a,Yes,n/a,32,30,46,54,21,Yes,n/a,"Though challenges where encountered on who received the letter of permission, the process went on smoothly later. The only difficulty was tracking the location with the GPS, it was very slow.",10:55:00.000Z,n/a,vh7oZxJjY9MUV4fUUctTBN,uuid:984ef4dc-e927-4d68-b3a8-4359c3143333,110037793,984ef4dc-e927-4d68-b3a8-4359c3143333,2023-03-02T10:28:19,2023-03-02T10:28:19
2023-02-21T10:41:07.613Z,2023-03-02T10:27:59.348Z,2023-02-21T10:42:00.000Z,Tuesday,Freetown,Freetown City Council,Main entrance,No,n/a,n/a,Yes,n/a,Yes,n/a,35,43,24,32,9,Yes,n/a,Women accessing information should be of interest in all institutions.,10:52:00.000Z,n/a,vh7oZxJjY9MUV4fUUctTBN,uuid:c529589b-1456-4616-8723-784aeabfbca4,110037794,c529589b-1456-4616-8723-784aeabfbca4,2023-03-02T10:28:20,2023-03-02T10:28:20
2023-02-21T18:47:57.728Z,2023-03-02T19:21:15.994Z,2023-02-21T15:08:00.000Z,Thursday,Port Loko,NACSA,Waiting Room,Yes,Decent surrounding and nice furniture's,Helping the central government,Yes,n/a,Yes,n/a,6,4,13,8,0,No,Culture practices,No,17:22:00.000Z,n/a,vh7oZxJjY9MUV4fUUctTBN,uuid:4b48bdf3-fdd8-44d0-b850-71d9e80ad47c,110066043,4b48bdf3-fdd8-44d0-b850-71d9e80ad47c,2023-03-02T19:21:48,2023-03-02T19:21:48
2023-03-01T11:16:13.158Z,2023-03-02T19:19:57.627Z,2023-03-01T11:36:00.000Z,Wednesday,Port Loko,Traders Union office,Finance Department,Yes,"Single room ,one table , four chairs,wall clock",Collection finance,Yes,n/a,Yes,n/a,3,2,8,6,0,No,Because most of the importance information regarding women's are handle by Men also culture practices,No,11:35:00.000Z,n/a,vh7oZxJjY9MUV4fUUctTBN,uuid:93277023-fdd6-42de-a7ce-cc92d0b5f101,110066044,93277023-fdd6-42de-a7ce-cc92d0b5f101,2023-03-02T19:21:49,2023-03-02T19:21:49
2023-03-03T13:25:21.015Z,2023-03-03T17:54:17.719Z,2023-03-03T16:05:00.000Z,Friday,Port Loko,Sierra Leone Commercial Bank {SLCB},Accountant Desk,No,n/a,n/a,Yes,n/a,Yes,n/a,11,2,76,48,21,Yes,n/a,No,n/a,n/a,vh7oZxJjY9MUV4fUUctTBN,uuid:cf983d60-9af3-425d-86e8-7403a854fd3c,110107190,cf983d60-9af3-425d-86e8-7403a854fd3c,2023-03-03T18:02:20,2023-03-03T18:02:20
2023-01-20T10:40:20.257Z,2023-01-20T11:13:08.814Z,2023-01-20T11:03:00.000Z,Friday,Freetown,Radisson ,Lumley Room ,Yes,"No windows, cold, fully eliminated, non disability friendly ","Meeting, accomodations and restaurants services",Yes,n/a,Yes,n/a,3,5,39,8,0,No,Seeking women to bring along male representative ,None,11:11:00.000Z,http://classic.ona.io/api/v1/files/32095037?filename=michaelbaldassaro/attachments/720179_apf7wvofiS8NSCsdcyPKSM/1674213174155.m4a,vh7oZxJjY9MUV4fUUctTBN,uuid:c3296aeb-5a1a-4358-a17e-2dbac4894e82,110638478,c3296aeb-5a1a-4358-a17e-2dbac4894e82,2023-03-10T19:49:10,2023-03-10T19:49:10
2023-02-20T12:53:12.508Z,2023-03-16T12:23:25.927Z,2023-02-20T13:53:00.000Z,Monday,Western Area,Magistrate Court,Prosecution,Yes,Disable friendly,Prosecution and filling summon ,Yes,n/a,Yes,n/a,20,20,100,150,28,Yes,n/a,Follow up on cases sending to court ,15:36:00.000Z,n/a,vh7oZxJjY9MUV4fUUctTBN,uuid:e57321e4-6a80-439a-9854-8b45b0c6a6f4,110944881,e57321e4-6a80-439a-9854-8b45b0c6a6f4,2023-03-16T12:51:19,2023-03-16T12:51:19
2023-02-20T13:21:35.762Z,2023-03-16T12:19:02.671Z,2023-02-21T09:55:00.000Z,Tuesday,Western Area,Western Area Rural District Council ,Reception,Yes,Disable friendly and good office set-up ,Provide information and service delivery,Yes,n/a,Yes,n/a,22,10,25,18,3,Yes,n/a,No,13:45:00.000Z,n/a,vh7oZxJjY9MUV4fUUctTBN,uuid:0fa3ad62-f111-4b80-b61a-6e0eac352206,110944885,0fa3ad62-f111-4b80-b61a-6e0eac352206,2023-03-16T12:51:22,2023-03-16T12:51:22
2023-02-27T12:41:17.364Z,2023-03-16T12:12:30.645Z,2023-02-21T12:00:00.000Z,Tuesday,Western Area,Social Welfare,Gender department,Yes,"1. Not disable friendly
2. Administrative setup is good",Alternative family dispute resolution,Yes,n/a,Yes,n/a,6,5,4,7,3,Yes,n/a,The office is accommodative,13:16:00.000Z,n/a,vh7oZxJjY9MUV4fUUctTBN,uuid:474a0ada-b2a1-435f-b4d2-23a6ce5191a8,110944887,474a0ada-b2a1-435f-b4d2-23a6ce5191a8,2023-03-16T12:51:22,2023-03-16T12:51:22
2023-02-27T13:07:33.060+00:00,2023-05-03T16:20:15.172-04:00,2023-02-21T10:35:00-05:00,Tuesday,Western Area,MBSS Waterloo District Education office,Deputy Director for Education,Yes,Not disable friendly but administratively good setup,"Provide educational opportunities and services and supervise both SSS, JSS and private schools",Yes,n/a,Yes,n/a,10,6,4,7,2,Yes,n/a,Office is not spaceous,16:30:00.000-04:00,n/a,vh7oZxJjY9MUV4fUUctTBN,uuid:a651ff80-21d4-45bb-bf6e-a34111efff30,110944893,a651ff80-21d4-45bb-bf6e-a34111efff30,2023-03-16T12:51:24,2023-05-03T20:20:13
2023-03-06T11:30:05.031Z,2023-03-16T12:09:12.007Z,2023-03-01T10:50:00.000Z,Wednesday,Western Area,Magistrate Court,Clerk office,No,n/a,n/a,Yes,n/a,Yes,n/a,10,5,18,20,5,Yes,n/a,Women lack confidence,12:54:00.000Z,n/a,vh7oZxJjY9MUV4fUUctTBN,uuid:d2f451dc-2f7b-4acb-880c-221414a41dfa,110944898,d2f451dc-2f7b-4acb-880c-221414a41dfa,2023-03-16T12:51:26,2023-03-16T12:51:26
2023-02-16T10:35:15.294Z,2023-02-17T05:42:40.875Z,2023-02-17T15:24:00.000Z,Friday,Bo,Ministry of Lands,Reception,No,n/a,n/a,Yes,n/a,Yes,n/a,7,1,10,4,1,Yes,n/a,n/a,16:45:00.000Z,n/a,vh7oZxJjY9MUV4fUUctTBN,uuid:e57ca2b1-2f2c-4729-a2e1-21c05e75761a,110953885,e57ca2b1-2f2c-4729-a2e1-21c05e75761a,2023-03-16T15:02:10,2023-03-16T15:02:10
2023-02-16T11:24:56.157Z,2023-02-16T19:35:52.310Z,2023-02-16T15:00:00.000Z,Thursday,Bo,Social Welfare,Complain room,Yes,It an open space where the workers and the visitor seat and discuss issues that affect them.,Responsible for social needs pertaining to gender inequalities. Focus mainly on the right of women and children ,Yes,n/a,Yes,n/a,2,2,2,6,1,Yes,n/a,n/a,17:34:00.000Z,n/a,vh7oZxJjY9MUV4fUUctTBN,uuid:47b85385-4177-4824-a9cd-223f26b45b3d,110953887,47b85385-4177-4824-a9cd-223f26b45b3d,2023-03-16T15:02:11,2023-03-16T15:02:11
2023-02-16T12:45:37.364Z,2023-03-16T14:45:20.790Z,2023-02-22T13:29:00.000Z,Wednesday,Bo,Social Welfare,Social Service Department ,No,n/a,n/a,Yes,n/a,Yes,n/a,3,1,2,6,3,Yes,n/a,None,14:57:00.000Z,n/a,vh7oZxJjY9MUV4fUUctTBN,uuid:e791a619-1bf0-4356-b168-aa18b4f56c0f,110953892,e791a619-1bf0-4356-b168-aa18b4f56c0f,2023-03-16T15:02:13,2023-03-16T15:02:13
2023-02-16T12:46:39.712Z,2023-03-02T15:29:40.391Z,2023-02-21T12:42:00.000Z,Tuesday,Bo,Social Welfare,Complain room,No,n/a,n/a,Yes,n/a,Yes,n/a,4,2,4,19,2,Yes,n/a,n/a,14:46:00.000Z,n/a,vh7oZxJjY9MUV4fUUctTBN,uuid:d865fab4-7803-4ce6-9483-fe434426b4b8,110953893,d865fab4-7803-4ce6-9483-fe434426b4b8,2023-03-16T15:02:14,2023-03-16T15:02:14
2023-02-16T13:26:09.163Z,2023-02-16T19:07:22.265Z,2023-02-16T00:49:00.000Z,Thursday,Bo,Bo City Council,Reception,Yes,It's an office that's portion with lots of rooms. The Reception area is different from the working areas ,The council responsible for the general Management of the city. Setting appreciate tax levies or other general tax and service rates ,Yes,n/a,Yes,n/a,14,6,8,2,0,Yes,n/a,According to them they have less people visiting the agency ,14:45:00.000Z,n/a,vh7oZxJjY9MUV4fUUctTBN,uuid:0908805b-4445-4eab-ae22-a1a0404e57d7,110953903,0908805b-4445-4eab-ae22-a1a0404e57d7,2023-03-16T15:02:18,2023-03-16T15:02:18
2023-02-16T13:26:47.143Z,2023-02-17T05:29:04.224Z,2023-02-17T00:20:00.000Z,Friday,Bo,Bo City Council ,Reception ,No,n/a,n/a,Yes,n/a,Yes,n/a,16,4,5,1,0,Yes,n/a,n/a,14:44:00.000Z,n/a,vh7oZxJjY9MUV4fUUctTBN,uuid:ae8ce677-572f-4fc7-8ff8-106cec51bc59,110953905,ae8ce677-572f-4fc7-8ff8-106cec51bc59,2023-03-16T15:02:19,2023-03-16T15:02:19
2023-02-16T13:27:30.566Z,2023-02-17T05:53:06.026Z,2023-02-21T09:10:00.000Z,Tuesday,Bo,Bo City Council ,Reception ,No,n/a,n/a,Yes,n/a,Yes,n/a,18,3,8,2,0,Yes,n/a,n/a,11:44:00.000Z,n/a,vh7oZxJjY9MUV4fUUctTBN,uuid:8bc46fe2-9cd5-4ed5-863f-7b7ebd25aef3,110953908,8bc46fe2-9cd5-4ed5-863f-7b7ebd25aef3,2023-03-16T15:02:19,2023-03-16T15:02:19
2023-02-17T11:10:21.405Z,2023-02-17T11:11:43.798Z,2023-02-20T09:29:00.000Z,Monday,Bo,Human Rights Commission ,n/a,No,n/a,n/a,n/a,n/a,n/a,n/a,n/a,n/a,n/a,n/a,n/a,n/a,n/a,n/a,11:49:00.000Z,n/a,vh7oZxJjY9MUV4fUUctTBN,uuid:e1e85dd1-7a1c-4b63-a550-b10e0cc10aea,110953911,e1e85dd1-7a1c-4b63-a550-b10e0cc10aea,2023-03-16T15:02:21,2023-03-16T15:02:21
2023-02-17T11:14:54.318Z,2023-03-16T14:51:08.586Z,2023-03-01T13:43:00.000Z,Wednesday,Bo,Human Rights Commission ,Human Rights Commission ,Yes,The office has open door policy to both women and girls ,"To promote and protect humans. 

Investigate and Mediate cases ",Yes,n/a,Yes,n/a,3,2,4,1,1,Yes,n/a,I enjoy the the reception at the Human Rights Office ,15:41:00.000Z,n/a,vh7oZxJjY9MUV4fUUctTBN,uuid:d113a4b3-195b-4b89-9a99-31b430eda5f3,110953914,d113a4b3-195b-4b89-9a99-31b430eda5f3,2023-03-16T15:02:22,2023-03-16T15:02:22
2023-02-15T13:02:44.533Z,2023-02-16T06:43:41.284Z,n/a,n/a,Bo,NASSIT,Reception,No,n/a,n/a,Yes,n/a,Yes,n/a,11,4,6,2,0,Yes,n/a,None,n/a,n/a,vh7oZxJjY9MUV4fUUctTBN,uuid:c2a2c130-d1ae-45b3-9593-209353ed508b,111046311,c2a2c130-d1ae-45b3-9593-209353ed508b,2023-03-17T20:49:56,2023-03-17T20:49:56
2023-02-15T14:29:04.996Z,2023-03-17T14:44:51.515Z,n/a,n/a,Bo,National Revenue Authority,Revenue,No,n/a,n/a,Yes,n/a,Yes,n/a,11,3,3,2,2,Yes,n/a,None,n/a,n/a,vh7oZxJjY9MUV4fUUctTBN,uuid:17aa4228-5895-4198-8e96-a33792c17ebe,111046317,17aa4228-5895-4198-8e96-a33792c17ebe,2023-03-17T20:50:04,2023-03-17T20:50:04
2023-02-09T14:37:08.127Z,2023-03-01T11:12:06.161Z,2023-03-01T11:22:00.000Z,Wednesday,Bombali,National Revenue Authority ( NRA),Outside investigation unit,Yes,The office is very decent and the workers are very accommodative ,The issuance of passport for Citizens and the issuance of documents to Non-citizens,Yes,n/a,Yes,n/a,6,2,20,15,2,Yes,n/a,The office is highly respective ,11:11:00.000Z,n/a,vh7oZxJjY9MUV4fUUctTBN,uuid:7171c972-a158-480d-b58f-26fd453bff1f,111181634,7171c972-a158-480d-b58f-26fd453bff1f,2023-03-20T12:07:39,2023-03-20T12:07:39
2023-03-01T11:13:22.845Z,2023-03-02T15:23:45.242Z,n/a,Wednesday,Bombali,District  City Council,Metropolitan unit,Yes,"The office is descent,well arrange, the workers are accommodative.",To maintain Security in the market places,Yes,n/a,Yes,n/a,20,8,62,100,8,Yes,n/a,There is flow of information thir,n/a,n/a,vh7oZxJjY9MUV4fUUctTBN,uuid:74923562-cea8-4f61-a38b-2cbe94240403,111181653,74923562-cea8-4f61-a38b-2cbe94240403,2023-03-20T12:07:43,2023-03-20T12:07:43
2023-03-09T09:27:45.467Z,2023-03-09T10:16:30.077Z,2023-03-09T09:48:00.000Z,Thursday,Bombali,Campaign for Good Governance ,The office ,No,n/a,n/a,Yes,n/a,Yes,n/a,4,2,3,2,0,Yes,n/a,Noon ,10:16:00.000Z,n/a,vh7oZxJjY9MUV4fUUctTBN,uuid:f1482320-b1c7-408e-a63f-3b9651cc5dc7,111181805,f1482320-b1c7-408e-a63f-3b9651cc5dc7,2023-03-20T12:08:09,2023-03-20T12:08:09
2023-03-09T10:28:54.757Z,2023-03-09T11:00:54.348Z,2023-03-09T10:49:00.000Z,Thursday,Bombali,SLNORF,Finance Department ,No,n/a,n/a,Yes,n/a,Yes,n/a,2,5,2,2,0,Yes,n/a,Noon,10:33:00.000Z,n/a,vh7oZxJjY9MUV4fUUctTBN,uuid:25de5842-13a3-4bde-a5e4-8f9d70d52c74,111181816,25de5842-13a3-4bde-a5e4-8f9d70d52c74,2023-03-20T12:08:10,2023-03-20T12:08:10
2023-03-15T15:58:09.300Z,2023-03-15T16:03:44.060Z,2023-03-15T16:18:00.000Z,Wednesday,Bombali,NASIT ,n/a,Yes,Very big building and we'll finish and highly equipt ,Look into issues of pensioners ,Yes,n/a,Yes,n/a,5,3,29,20,8,Yes,n/a,Noon ,n/a,n/a,vh7oZxJjY9MUV4fUUctTBN,uuid:40477ba0-f422-4caa-9fcf-435b8d08147c,111181860,40477ba0-f422-4caa-9fcf-435b8d08147c,2023-03-20T12:08:17,2023-03-20T12:08:17
2023-03-16T12:05:06.071Z,2023-03-16T12:12:01.238Z,n/a,Thursday,Bombali,Bombali Local council,Finance unit,Yes,The structure is in good condition. A two flat building and highly structure,To collect payment of license and other taxes,Yes,n/a,n/a,n/a,15,10,34,30,2,Yes,n/a,They received people well.,n/a,n/a,vh7oZxJjY9MUV4fUUctTBN,uuid:dc8ece78-dc36-40f8-b1fe-64b00ee63a3f,111181869,dc8ece78-dc36-40f8-b1fe-64b00ee63a3f,2023-03-20T12:08:19,2023-03-20T12:08:19
2023-03-16T14:20:15.820Z,2023-03-16T14:31:05.878Z,n/a,Thursday,Bombali,NASIT Office ,Benefit Department ,No,n/a,n/a,Yes,n/a,Yes,n/a,3,1,40,25,10,Yes,n/a,They need to attend to women quickly ,n/a,n/a,vh7oZxJjY9MUV4fUUctTBN,uuid:bb423f4a-5a10-433a-8c46-af2f38369207,111181879,bb423f4a-5a10-433a-8c46-af2f38369207,2023-03-20T12:08:21,2023-03-20T12:08:21
2023-03-17T15:07:41.706+00:00,2023-04-06T17:46:09.813-04:00,2023-03-17T11:28:00-04:00,Friday,Bombali,Ministry of Agriculture,Finance unit,Yes,One flat building and situated in a very conducive area,To follow up for some monetary payment,Yes,n/a,Yes,n/a,4,1,8,5,0,Yes,n/a,Women should put more effort to visit this offices,n/a,n/a,vh7oZxJjY9MUV4fUUctTBN,uuid:a340fb30-97d8-4812-b818-74218b94d039,111181889,a340fb30-97d8-4812-b818-74218b94d039,2023-03-20T12:08:22,2023-04-06T21:46:09
2023-03-17T15:39:52.367Z,2023-03-17T15:59:03.941Z,2023-03-17T16:00:00.000Z,Friday,Bombali,Mennah police station ,Family support unit,Yes,The office one flate and a very long structure with a very long corridor.,To settle family dispute ,Yes,n/a,Yes,n/a,5,3,20,9,3,Yes,n/a,Women issues are taken very serious than the men,n/a,n/a,vh7oZxJjY9MUV4fUUctTBN,uuid:50e6c34c-c18d-4177-a2ef-aa0225579649,111181895,50e6c34c-c18d-4177-a2ef-aa0225579649,2023-03-20T12:08:23,2023-03-20T12:08:23
2023-03-14T00:29:41.250Z,2023-03-24T10:05:05.969Z,n/a,Thursday,Port Loko,Port Loko city council ,Waiting Room department,No,n/a,n/a,Yes,n/a,Yes,n/a,12,6,14,8,0,Yes,n/a,No,n/a,n/a,vh7oZxJjY9MUV4fUUctTBN,uuid:52e95a14-9ba8-43b8-ab5f-639b88a6e47b,111424168,52e95a14-9ba8-43b8-ab5f-639b88a6e47b,2023-03-24T17:22:09,2023-03-24T17:22:09
2023-03-17T13:51:43.777Z,2023-03-24T17:17:41.908Z,2023-03-22T09:53:00.000Z,Wednesday,Port Loko,Port Loko city council,Waiting Room,No,n/a,n/a,Yes,n/a,Yes,n/a,8,4,9,11,0,Yes,n/a,The Right to access information partaining public must be included in every day practices,13:36:00.000Z,n/a,vh7oZxJjY9MUV4fUUctTBN,uuid:faea7b53-5c88-4ad5-afa8-a65b902bf9b2,111424172,faea7b53-5c88-4ad5-afa8-a65b902bf9b2,2023-03-24T17:22:20,2023-03-24T17:22:20
2023-03-22T21:37:43.038Z,2023-03-24T17:18:24.175Z,2023-03-20T10:17:00.000Z,Monday,Port Loko,Ministry of Land's,Survey Department,No,n/a,n/a,Yes,n/a,Yes,n/a,6,3,8,5,2,No,Education,Awareness raising,13:42:00.000Z,n/a,vh7oZxJjY9MUV4fUUctTBN,uuid:d278d7d1-0cb5-473b-8210-94d616dd26c1,111424173,d278d7d1-0cb5-473b-8210-94d616dd26c1,2023-03-24T17:22:20,2023-03-24T17:22:20
2023-03-22T21:43:15.477Z,2023-03-24T10:08:55.816Z,2023-03-21T10:23:00.000Z,Tuesday,Port Loko,Ministry of Land's,Survey Department,No,n/a,n/a,Yes,n/a,Yes,n/a,4,0,6,2,0,No,Traditional beliefs women's are not head of Land,More sentization in the importance of women's access information,10:54:00.000Z,n/a,vh7oZxJjY9MUV4fUUctTBN,uuid:b5556374-e65f-4e96-b7f8-4d96c31b448a,111424174,b5556374-e65f-4e96-b7f8-4d96c31b448a,2023-03-24T17:22:21,2023-03-24T17:22:21
2023-03-22T21:48:15.086Z,2023-03-24T17:20:07.598Z,2023-03-21T09:28:00.000Z,Tuesday,Port Loko,Magistrate Court,The main court Room,No,n/a,n/a,Yes,n/a,Yes,n/a,8,3,23,20,9,Yes,n/a,No,11:54:00.000Z,n/a,vh7oZxJjY9MUV4fUUctTBN,uuid:746780a6-5938-4afa-8ceb-116cccf980f6,111424175,746780a6-5938-4afa-8ceb-116cccf980f6,2023-03-24T17:22:21,2023-03-24T17:22:21
2023-03-23T17:07:16.055Z,2023-03-24T17:17:17.907Z,2023-03-23T10:27:00.000Z,Thursday,Port Loko,Ministry of Land's,Survey Department,No,n/a,n/a,Yes,n/a,Yes,n/a,5,1,9,2,0,Yes,n/a,n/a,12:11:00.000Z,http://classic.ona.io/api/v1/files/32376296?filename=michaelbaldassaro/attachments/720179_apf7wvofiS8NSCsdcyPKSM/1679678235082.m4a,vh7oZxJjY9MUV4fUUctTBN,uuid:6ce0eb74-4fd1-41b6-9fe9-3cf22929c627,111424177,6ce0eb74-4fd1-41b6-9fe9-3cf22929c627,2023-03-24T17:22:22,2023-03-24T17:22:22
2023-03-23T17:11:36.408Z,2023-03-24T10:09:25.130Z,2023-03-23T13:13:00.000Z,Thursday,Port Loko,Sierra Leone Police,Criminal Department,No,n/a,n/a,Yes,n/a,Yes,n/a,2,3,5,6,3,Not_applicable,n/a,More sentization on the importance of women's access information,n/a,n/a,vh7oZxJjY9MUV4fUUctTBN,uuid:1ccd2e3c-97a0-4f11-a862-67cc183d09fb,111424178,1ccd2e3c-97a0-4f11-a862-67cc183d09fb,2023-03-24T17:22:23,2023-03-24T17:22:23
2023-03-23T17:18:30.107Z,2023-03-24T17:19:55.693Z,2023-03-22T14:18:00.000Z,Wednesday,Port Loko,Sierra Leone Police,Criminal Department,No,n/a,n/a,Yes,n/a,Yes,n/a,2,4,6,7,2,Yes,n/a,Education,14:13:00.000Z,n/a,vh7oZxJjY9MUV4fUUctTBN,uuid:51e36f4e-052b-45f7-a212-25d8c6ef0662,111424179,51e36f4e-052b-45f7-a212-25d8c6ef0662,2023-03-24T17:22:24,2023-03-24T17:22:24
2023-03-23T17:22:27.925Z,2023-03-24T17:19:36.618Z,2023-03-23T13:42:00.000Z,Thursday,Port Loko,Magistrate court,Main court,No,n/a,n/a,Yes,n/a,Yes,n/a,6,3,23,20,6,Yes,n/a,Education,14:19:00.000Z,n/a,vh7oZxJjY9MUV4fUUctTBN,uuid:0488a954-a57c-4cf1-b963-0245d811839b,111424181,0488a954-a57c-4cf1-b963-0245d811839b,2023-03-24T17:22:24,2023-03-24T17:22:24
2023-03-23T17:31:29.300Z,2023-03-24T10:00:05.870Z,2023-03-20T09:51:00.000Z,Monday,Port Loko,Traders Union,Ticket Department,No,n/a,n/a,Yes,n/a,Yes,n/a,9,2,10,5,0,Yes,n/a,No,n/a,n/a,vh7oZxJjY9MUV4fUUctTBN,uuid:b9a364ee-5131-4d0f-8cc5-dc711ee04992,111424183,b9a364ee-5131-4d0f-8cc5-dc711ee04992,2023-03-24T17:22:25,2023-03-24T17:22:25
2023-03-24T09:39:41.774Z,2023-03-24T09:59:27.624Z,2023-03-24T09:59:00.000Z,Friday,Port Loko,Ministry of social welfare,Waiting Room,No,n/a,n/a,Yes,n/a,Yes,n/a,6,5,13,9,2,Yes,n/a,More sentization on the importance of women's access information,n/a,n/a,vh7oZxJjY9MUV4fUUctTBN,uuid:a641c838-b104-4700-9c0e-4fe03d228365,111424185,a641c838-b104-4700-9c0e-4fe03d228365,2023-03-24T17:22:26,2023-03-24T17:22:26
2023-03-24T09:44:55.545Z,2023-03-24T17:15:27.448Z,2023-03-27T10:25:00.000Z,Monday,Port Loko,Ministry of social welfare,Waiting Room,No,n/a,n/a,Yes,n/a,Yes,n/a,6,5,8,12,4,No,The cultural practices encourage More Men than women in terms of sicking for information,Awareness raising about the importance of women's access information,n/a,n/a,vh7oZxJjY9MUV4fUUctTBN,uuid:fd5b3556-d401-4ba5-b005-c91bd6478ab9,111424186,fd5b3556-d401-4ba5-b005-c91bd6478ab9,2023-03-24T17:22:26,2023-03-24T17:22:26
2023-03-26T12:35:56.096Z,2023-03-30T15:30:08.816Z,2023-03-27T10:56:00.000Z,Monday,Port Loko,Port Loko city council,Waiting Room,No,n/a,n/a,Yes,n/a,Yes,n/a,12,16,15,13,3,Yes,n/a,Education,13:36:00.000Z,n/a,vh7oZxJjY9MUV4fUUctTBN,uuid:cafede2f-9c6f-47f5-ae2f-3b831fc4fb8f,111939430,cafede2f-9c6f-47f5-ae2f-3b831fc4fb8f,2023-04-03T16:01:22,2023-04-03T16:01:22
2023-03-26T15:12:26.586Z,2023-03-30T15:30:34.119Z,2023-03-28T10:32:00.000Z,Tuesday,Port Loko,Ministry of Labour,Labour office,Yes,Sharing the same office with ministry of social welfare,Working on the interest of the Government employees,Yes,n/a,Yes,n/a,1,0,2,1,0,Yes,n/a,Awareness raising about the importance of women's access information,13:16:00.000Z,n/a,vh7oZxJjY9MUV4fUUctTBN,uuid:4ddfd4bf-322a-40a8-9317-77e73b86d0ff,111939433,4ddfd4bf-322a-40a8-9317-77e73b86d0ff,2023-04-03T16:01:24,2023-04-03T16:01:24
2023-03-26T18:05:04.705Z,2023-03-30T15:30:40.815Z,2023-03-29T11:45:00.000Z,Wednesday,Port Loko,Ministry of Labour,Main office,No,n/a,n/a,Yes,n/a,Yes,n/a,1,0,0,0,0,Not_applicable,n/a,No,n/a,n/a,vh7oZxJjY9MUV4fUUctTBN,uuid:4b0e0d09-e039-4327-a22d-b22bc0515716,111939434,4b0e0d09-e039-4327-a22d-b22bc0515716,2023-04-03T16:01:24,2023-04-03T16:01:24
2023-03-26T18:13:10.340Z,2023-03-30T15:31:47.244Z,2023-03-30T11:53:00.000Z,Thursday,Port Loko,Ministry of Labour,Main office,No,n/a,n/a,Yes,n/a,Yes,n/a,1,0,0,2,0,Not_applicable,n/a,n/a,14:21:00.000Z,n/a,vh7oZxJjY9MUV4fUUctTBN,uuid:18caa57f-9fb8-47b1-a8f0-9a1736067c22,111939435,18caa57f-9fb8-47b1-a8f0-9a1736067c22,2023-04-03T16:01:25,2023-04-03T16:01:25
2023-03-30T15:22:36.770Z,2023-03-30T15:31:37.051Z,2023-03-31T10:40:00.000Z,Friday,Port Loko,n/a,n/a,No,n/a,n/a,Yes,n/a,Yes,n/a,9,2,13,6,2,Yes,n/a,No decentralized information,13:28:00.000Z,n/a,vh7oZxJjY9MUV4fUUctTBN,uuid:7ddcde43-35ff-4f85-9835-1038d4e1bccb,111939436,7ddcde43-35ff-4f85-9835-1038d4e1bccb,2023-04-03T16:01:25,2023-04-03T16:01:25
2023-03-23T12:09:17.355Z,2023-04-14T02:13:27.032Z,2023-03-22T11:58:00.000Z,Wednesday,Freetown,NASSIT,Lower Basement,Yes,"Well furnished with a bookshelf with books available on it for customers, and a Tv displaying everything about NASSIT functions and also well placed chairs for visitors.","The primary function is the part of replacement of income as a result of the Contingencies of old Age, invalidity or death.",Yes,n/a,Yes,n/a,12,6,6,3,2,Yes,n/a,"This institution is full of protocols especially when entering the building, this pose a great challenge during this survey.",12:18:00.000Z,n/a,vh7oZxJjY9MUV4fUUctTBN,uuid:c02f3d4c-98e6-4db3-9083-c26f380c4646,112608274,c02f3d4c-98e6-4db3-9083-c26f380c4646,2023-04-17T18:40:12,2023-04-17T18:40:12
2023-03-23T12:29:38.643Z,2023-04-14T02:17:55.084Z,2023-03-22T13:50:00.000Z,Wednesday,Freetown,NASSIT,Lower Basement floor,No,n/a,n/a,Yes,n/a,Yes,n/a,11,14,9,3,1,Yes,n/a,"Every time I come, I do encountered a challenge.",14:01:00.000Z,n/a,vh7oZxJjY9MUV4fUUctTBN,uuid:bd4ced06-9064-40dc-9081-22a92a668e81,112608275,bd4ced06-9064-40dc-9081-22a92a668e81,2023-04-17T18:40:13,2023-04-17T18:40:13
2023-03-23T12:45:21.427Z,2023-04-14T02:18:35.894Z,2023-03-22T15:51:00.000Z,Wednesday,Freetown,NASSIT,Lower Basement,No,n/a,n/a,Yes,n/a,Yes,n/a,9,6,5,6,3,Yes,n/a,Poor communication was done with this institution about this survey which resulted to challenges faced.,16:04:00.000Z,n/a,vh7oZxJjY9MUV4fUUctTBN,uuid:2b4ab12e-efb1-4fc1-94b4-8dd35a88bc3d,112608277,2b4ab12e-efb1-4fc1-94b4-8dd35a88bc3d,2023-04-17T18:40:14,2023-04-17T18:40:14
2023-03-23T12:58:26.831Z,2023-04-15T06:26:36.047Z,2023-03-23T10:56:00.000Z,Thursday,Freetown,Ministry of Internal Affairs,Immigration Department,Yes,It's a storey building with a security check at the entrance,Passport and other processing units,Yes,n/a,Yes,n/a,25,46,32,41,12,Yes,n/a,Free access and no barriers,11:11:00.000Z,n/a,vh7oZxJjY9MUV4fUUctTBN,uuid:140e96db-1c00-4608-b83d-b9d9e04545e8,112608280,140e96db-1c00-4608-b83d-b9d9e04545e8,2023-04-17T18:40:17,2023-04-17T18:40:17
2023-03-23T13:02:34.773Z,2023-04-15T07:00:14.078Z,2023-03-23T15:31:00.000Z,Thursday,Freetown,Ministry of Internal Affairs ,Immigration Department ,No,n/a,n/a,Yes,n/a,Yes,n/a,38,22,41,34,11,Yes,n/a,"At this institution, their main focus is to treat everyone with fair, they work by procedure.",15:50:00.000Z,n/a,vh7oZxJjY9MUV4fUUctTBN,uuid:c50cbd4e-7968-4ed3-afe3-507eeeebabc8,112608281,c50cbd4e-7968-4ed3-afe3-507eeeebabc8,2023-04-17T18:40:18,2023-04-17T18:40:18
2023-03-23T13:03:14.753Z,2023-04-15T06:49:24.986Z,2023-03-23T13:07:00.000Z,Thursday,Freetown,Ministry of Internal Affairs,immigration Department,No,n/a,n/a,Yes,n/a,Yes,n/a,24,16,31,21,6,Yes,n/a,Their should be an improvement in the services provided at this ministry.,13:21:00.000Z,n/a,vh7oZxJjY9MUV4fUUctTBN,uuid:ac74c365-4293-4b57-8429-0c6bed77c458,112608283,ac74c365-4293-4b57-8429-0c6bed77c458,2023-04-17T18:40:19,2023-04-17T18:40:19
2023-03-24T10:40:18.921Z,2023-04-15T06:13:43.338Z,2023-03-24T10:42:00.000Z,Friday,Freetown,National Revenue Authority,The reception,Yes,It's not too spacious and is also a storey building.,"They are charged with the responsibility of accessing and collecting domestic taxes, customs duties and other revenues specified by law, as well as administering and enforcing laws relating to these revenues.",Yes,n/a,Yes,n/a,6,5,2,4,1,No,"At this hour of visit, I met a woman who was deprived for in seeking information for a guy that came with a car and gave money to the boys around.","I find it very difficult to locate this office, as no address was given and when I tracked through my Google map, the address there about their office is not the same address, they have relocated.",10:54:00.000Z,n/a,vh7oZxJjY9MUV4fUUctTBN,uuid:2068f508-b193-4f22-98cd-8347a3e6981c,112608285,2068f508-b193-4f22-98cd-8347a3e6981c,2023-04-17T18:40:20,2023-04-17T18:40:20
2023-03-24T10:45:31.546Z,2023-04-15T06:10:35.628Z,2023-03-24T12:21:00.000Z,Friday,Freetown,National Revenue Authority,The reception.,No,n/a,n/a,Yes,n/a,Yes,n/a,9,4,5,3,0,Yes,n/a,Lots of constrains are encountered during this survey.,12:35:00.000Z,n/a,vh7oZxJjY9MUV4fUUctTBN,uuid:8f18b5cd-d572-4e20-bcaf-b481f42f3065,112608289,8f18b5cd-d572-4e20-bcaf-b481f42f3065,2023-04-17T18:40:23,2023-04-17T18:40:23
2023-03-24T10:52:14.204Z,2023-04-17T18:29:05.966Z,2023-03-24T14:40:00.000Z,Friday,Freetown,National Revenue Authority,The Reception Office,No,n/a,n/a,Yes,n/a,Yes,n/a,3,4,3,2,1,Yes,n/a,"It was difficult to do survey at this office because the person the letter was directed to according to the receptionist was not around, this posed a challenge in giving me access to under go this survey.",15:09:00.000Z,n/a,vh7oZxJjY9MUV4fUUctTBN,uuid:b14bab87-9b81-4233-a149-709d2df2bff8,112608291,b14bab87-9b81-4233-a149-709d2df2bff8,2023-04-17T18:40:24,2023-04-17T18:40:24
2023-04-17T14:11:29.698Z,2023-04-17T15:35:16.236Z,2023-04-17T08:30:00.000Z,Monday,Kallahun,Kailahun police station,Family support unit,Yes,The office looks somehow tensor on how the police officer performs their duties,Helps to settle family matters,Yes,n/a,Yes,n/a,4,0,2,6,2,Yes,n/a,None,12:45:00.000Z,n/a,vh7oZxJjY9MUV4fUUctTBN,uuid:c5087eb6-45da-436d-a09a-cd661c3a9c20,112671518,c5087eb6-45da-436d-a09a-cd661c3a9c20,2023-04-18T20:53:55,2023-04-18T20:53:55
2023-04-18T07:23:58.525Z,2023-04-18T20:52:06.283Z,2023-04-18T08:40:00.000Z,Tuesday,Kallahun,Save the children,Reception,No,n/a,n/a,Yes,n/a,Yes,n/a,3,2,0,1,0,Not_applicable,n/a,None,10:31:00.000Z,n/a,vh7oZxJjY9MUV4fUUctTBN,uuid:1eec4cdd-697e-4d0d-a91c-3f469bc9d8d4,112671519,1eec4cdd-697e-4d0d-a91c-3f469bc9d8d4,2023-04-18T20:53:56,2023-04-18T20:53:56
2023-04-18T07:30:06.947Z,2023-04-18T07:41:39.046Z,2023-04-18T12:55:00.000Z,Tuesday,Kallahun,Save the children,n/a,No,n/a,n/a,Yes,n/a,Yes,n/a,2,1,1,2,0,Yes,n/a,None,14:35:00.000Z,n/a,vh7oZxJjY9MUV4fUUctTBN,uuid:63fa2454-c79b-485e-9c85-7cc8cf1e93eb,112671521,63fa2454-c79b-485e-9c85-7cc8cf1e93eb,2023-04-18T20:53:56,2023-04-18T20:53:56
2023-04-18T07:32:50.935Z,2023-04-18T07:41:13.462Z,2023-04-17T09:44:00.000Z,Monday,Kallahun,Save the children,Reception,Yes,It paint with yellow and brown paint with a chairs in the reception,To help valurable children in the community,Yes,n/a,Yes,n/a,4,2,0,0,0,Not_applicable,n/a,n/a,11:30:00.000Z,n/a,vh7oZxJjY9MUV4fUUctTBN,uuid:8de7cda4-1c56-4bfd-9111-de3dd4116029,112671522,8de7cda4-1c56-4bfd-9111-de3dd4116029,2023-04-18T20:53:57,2023-04-18T20:53:57
2023-04-18T09:14:10.731Z,2023-04-18T09:17:51.511Z,2023-04-18T09:35:00.000Z,Tuesday,Kallahun,Kailahun police station ,Criminal invistigation department (cID),No,n/a,n/a,Yes,n/a,Yes,n/a,5,2,1,4,1,Yes,n/a,None,10:46:00.000Z,n/a,vh7oZxJjY9MUV4fUUctTBN,uuid:c647b0ed-f27c-442e-96e9-2a80f2445198,112671526,c647b0ed-f27c-442e-96e9-2a80f2445198,2023-04-18T20:53:58,2023-04-18T20:53:58
2023-04-18T08:41:34.340Z,2023-04-19T08:19:40.125Z,2023-04-17T09:18:00.000Z,Monday,Bo,Ministry of Agriculture,Reception,No,n/a,n/a,Yes,n/a,Yes,n/a,12,5,5,2,0,Yes,n/a,n/a,14:13:00.000Z,n/a,vh7oZxJjY9MUV4fUUctTBN,uuid:2108fa60-4f75-4a43-862c-4b87ebecf1d9,112690532,2108fa60-4f75-4a43-862c-4b87ebecf1d9,2023-04-19T08:20:52,2023-04-19T08:20:52
2023-04-18T08:45:38.890Z,2023-04-19T08:15:42.891Z,2023-04-13T16:02:00.000Z,Thursday,Bo,Ministry of Agriculture,Reception,Yes,A big compound with different structures and office space located at the BO-KENEMA highway,"They basically formulates and implement appropriate Agriculture policies and coordinates, designs and monitors Agricultural programmes. 
They also provide seeds for farmers.",Yes,n/a,Yes,n/a,12,5,20,6,2,Yes,n/a,The ministry regulate the activities of FBO's and help complements the activities of the government and the ministry to a very large extent.,18:10:00.000Z,n/a,vh7oZxJjY9MUV4fUUctTBN,uuid:43c5da59-ddb0-4501-8a1b-7cf28b646c98,112690533,43c5da59-ddb0-4501-8a1b-7cf28b646c98,2023-04-19T08:20:52,2023-04-19T08:20:52
2023-04-18T08:50:14.031Z,2023-04-19T08:20:32.639Z,2023-04-14T14:07:00.000Z,Friday,Bo,Ministry of Agriculture,Reception,No,n/a,n/a,Yes,n/a,Yes,n/a,8,3,9,4,1,Yes,n/a,n/a,23:57:00.000Z,n/a,vh7oZxJjY9MUV4fUUctTBN,uuid:03d16c82-0f18-4f25-99c6-338e2a97e8e7,112690535,03d16c82-0f18-4f25-99c6-338e2a97e8e7,2023-04-19T08:20:54,2023-04-19T08:20:54
2023-04-18T08:29:22.907Z,2023-04-19T08:24:11.261Z,2023-04-14T10:24:00.000Z,Friday,Bo,Human Rights Commission,Visitors room,Yes,"A modern building with more than 6 rooms ,a reception, a parking space and a secured compound",The primary function of the commission is to protect human Rights violations and abuses and to remediate them when they occur,Yes,n/a,Yes,n/a,3,5,2,9,5,Yes,n/a,"The commission is independent, transparent,and caters for the need of all sundry irrespective of race ,status, class and affiliation.",n/a,n/a,vh7oZxJjY9MUV4fUUctTBN,uuid:82f7c72e-0f9b-4f89-baf9-7843cb39f04e,112691231,82f7c72e-0f9b-4f89-baf9-7843cb39f04e,2023-04-19T08:31:24,2023-04-19T08:31:24
2023-04-18T08:33:51.637Z,2023-04-19T08:31:10.604Z,2023-04-18T16:31:00.000Z,Tuesday,Bo,Human Rights Commission,Visitors room,No,n/a,n/a,Yes,n/a,Yes,n/a,5,6,17,12,5,Yes,n/a,n/a,17:51:00.000Z,n/a,vh7oZxJjY9MUV4fUUctTBN,uuid:c8ca5261-ea23-4cbe-95aa-01ca98c75c64,112691237,c8ca5261-ea23-4cbe-95aa-01ca98c75c64,2023-04-19T08:31:25,2023-04-19T08:31:25
2023-04-18T08:35:57.614Z,2023-04-19T08:28:20.812Z,2023-04-17T14:12:00.000Z,Monday,Bo,Human Rights Commission,Reception,No,n/a,n/a,Yes,n/a,Yes,n/a,5,2,4,15,3,Yes,n/a,n/a,n/a,n/a,vh7oZxJjY9MUV4fUUctTBN,uuid:ee00f7d8-ba8c-455e-97ff-f8e363d11e4e,112691241,ee00f7d8-ba8c-455e-97ff-f8e363d11e4e,2023-04-19T08:31:26,2023-04-19T08:31:26
2023-04-18T10:01:27.678Z,2023-04-19T09:24:58.909Z,2023-04-13T10:05:00.000Z,Thursday,Bo,Ministry of trade and industry,Office room,Yes,A big structure with a single apartment with an office space and a reception.,"The ministry has the sole mandate to look out for expired goods and register the big business and industry
They developed policies to stimulate local and export trade as well as to enhance private sector investment, and economic growth. Supervises SME's and implement policies to regulate the activities of business nationwide.",Yes,n/a,Yes,n/a,1,0,6,2,1,Yes,n/a,The ministry works to caters for the interest of all businesses nationwide and formulate policies that complements the interest of the ministry and the government.,11:56:00.000Z,n/a,vh7oZxJjY9MUV4fUUctTBN,uuid:96dd8e81-0b70-492e-bcae-41cb28bef162,112694594,96dd8e81-0b70-492e-bcae-41cb28bef162,2023-04-19T09:27:34,2023-04-19T09:27:34
2023-04-18T10:04:25.627Z,2023-04-19T09:25:11.456Z,2023-04-14T16:03:00.000Z,Friday,Bo,Ministry of trade and industry,The ministry of trade and industry office,No,n/a,n/a,Yes,n/a,Yes,n/a,3,1,5,1,0,Yes,n/a,According to my observation more men are coming in to ask for information and register their business,17:40:00.000Z,n/a,vh7oZxJjY9MUV4fUUctTBN,uuid:c5ed2423-e732-4110-901d-4e37e1bcd83e,112694595,c5ed2423-e732-4110-901d-4e37e1bcd83e,2023-04-19T09:27:34,2023-04-19T09:27:34
2023-04-18T10:05:42.407Z,2023-04-19T09:27:12.457Z,2023-04-17T12:42:00.000Z,Monday,Bo,Ministry of trade and industry,Office room,No,n/a,n/a,Yes,n/a,Yes,n/a,2,1,5,0,1,Yes,n/a,n/a,15:04:00.000Z,n/a,vh7oZxJjY9MUV4fUUctTBN,uuid:5d8de8a4-d8cc-4bca-a6a2-9f3107ed5832,112694596,5d8de8a4-d8cc-4bca-a6a2-9f3107ed5832,2023-04-19T09:27:36,2023-04-19T09:27:36
2023-04-18T10:53:30.344Z,2023-04-19T06:30:44.142Z,2023-04-18T10:33:00.000Z,Tuesday,Freetown,Ministry of Internal,Immigration Department,No,n/a,n/a,Yes,n/a,Yes,n/a,12,9,21,15,6,Yes,n/a,"This institution was not part of the list, but due to the denying of access from some offices that were part of the list, and because we want to ensure a credible data, it was advised that it should be added since it is an government institution and give out information to the public.",10:59:00.000Z,n/a,vh7oZxJjY9MUV4fUUctTBN,uuid:fe2ee160-a611-404f-b19d-ca63c8713b0c,112696201,fe2ee160-a611-404f-b19d-ca63c8713b0c,2023-04-19T09:53:03,2023-04-19T09:53:03
2023-04-18T11:04:12.726Z,2023-04-19T06:17:25.849Z,2023-04-18T11:44:00.000Z,Tuesday,Freetown,Freetown City Council,Main entrance,No,n/a,n/a,Yes,n/a,Yes,n/a,18,14,27,19,8,Yes,n/a,"Access was first denied, but later granted",12:52:00.000Z,n/a,vh7oZxJjY9MUV4fUUctTBN,uuid:3bb669a3-b526-406c-8049-ba3d4e91df3f,112696202,3bb669a3-b526-406c-8049-ba3d4e91df3f,2023-04-19T09:53:04,2023-04-19T09:53:04
2023-04-18T11:36:06.119Z,2023-04-19T06:14:25.245Z,2023-04-18T13:19:00.000Z,Tuesday,Freetown,Sierra Leone Cooperative Society,Cooperative department,Yes,It's a storey building with a good ventilation system. It has a long corridor where the offices are located opposite each other.,"The organization of groups to cooperatives, registration, promotion, supervision, coordination of cooperatives, Education and training.",Yes,n/a,Yes,n/a,4,1,0,0,0,Yes,n/a,"The Sierra Leone Cooperative Society is set aside to supervise all the cooperative societies in Sierra Leone. It is hardly to get visitors coming as most prefered to go to their various agencies, according to observation.",13:36:00.000Z,n/a,vh7oZxJjY9MUV4fUUctTBN,uuid:a6305c59-79d8-400a-80ee-15b558f23a5b,112696203,a6305c59-79d8-400a-80ee-15b558f23a5b,2023-04-19T09:53:07,2023-04-19T09:53:07
2023-04-18T13:11:33.764Z,2023-04-19T06:15:51.006Z,2023-04-18T14:33:00.000Z,Tuesday,Freetown,Small and Medium Enterprises Development Agency,The reception,Yes,The office is located in a hill side view and it is a storey building. It has a number of steps and the doors are wooden. It has a brown and butter-coloured paint.,To enable the small and Medium Enterprises to grow by empowering and training them through the partnering with other business institutions to provide for them loans.,Yes,n/a,Yes,n/a,5,2,1,2,1,Yes,n/a,"On my first visit which is today, I had a challenge in locating the office due to to the location of it. Access was also denied except I made a call to olthe Carter center agent.",15:24:00.000Z,n/a,vh7oZxJjY9MUV4fUUctTBN,uuid:89003a0d-a36f-49da-93e9-880c3d28424b,112696204,89003a0d-a36f-49da-93e9-880c3d28424b,2023-04-19T09:53:08,2023-04-19T09:53:08
2023-04-18T19:10:38.516Z,2023-04-19T14:20:05.667Z,2023-03-20T15:13:00.000Z,Monday,Bo,NRA,National Revenue Authority reception ,Yes,A long building with offices located at the Gbaima Road.,Supervises revenue and taxes of all government and private institutions in the country.implement polives to regulate tax policies of all businesses and institutions nationwide.,Yes,n/a,Yes,n/a,8,3,9,3,1,Yes,n/a,n/a,n/a,n/a,vh7oZxJjY9MUV4fUUctTBN,uuid:b1af0a20-3a31-480c-af0c-80c391b3b8bf,112712693,b1af0a20-3a31-480c-af0c-80c391b3b8bf,2023-04-19T14:20:20,2023-04-19T14:20:20
2023-02-17T11:09:12.542Z,2023-04-19T14:25:06.282Z,2023-03-21T10:29:00.000Z,Tuesday,Bo,NASSIT,Insures savings for all government staffs and private institutes who saves for the future to provide a comfortable retirement for all trustees,Yes,A big building located at kortugbuma section section Bo. A big structure with different sectors in the building with a reception and different sectors serving in the institution.,Insures savings of all trustees for future social security,Yes,n/a,Yes,n/a,15,6,12,8,2,Yes,n/a,n/a,n/a,n/a,vh7oZxJjY9MUV4fUUctTBN,uuid:f08ecc3d-38a2-4e09-a6cb-2ed089fdebad,112713014,f08ecc3d-38a2-4e09-a6cb-2ed089fdebad,2023-04-19T14:25:19,2023-04-19T14:25:19
2023-04-03T11:09:05.318Z,2023-04-17T14:21:16.586Z,2023-04-17T14:12:00.000Z,Monday,Kallahun,Kailahun police station ,Criminal investigation department ,No,n/a,n/a,Yes,n/a,Yes,n/a,5,1,25,16,8,Yes,n/a,The office attend to both gender they are treated equally.,15:56:00.000Z,n/a,vh7oZxJjY9MUV4fUUctTBN,uuid:8078ee61-3004-4c26-b25f-7c173e823dab,112725952,8078ee61-3004-4c26-b25f-7c173e823dab,2023-04-19T20:50:18,2023-04-19T20:50:18
2023-04-18T09:04:50.054Z,2023-04-18T09:14:30.083Z,2023-04-18T09:32:00.000Z,Tuesday,Kallahun,District Office ,Local governance ,No,n/a,n/a,Yes,n/a,Yes,n/a,9,4,12,8,3,Yes,n/a,No at all ,11:40:00.000Z,n/a,vh7oZxJjY9MUV4fUUctTBN,uuid:7a6dbc38-033d-4e81-92ac-c0c5e164eb9e,112725954,7a6dbc38-033d-4e81-92ac-c0c5e164eb9e,2023-04-19T20:50:19,2023-04-19T20:50:19
2023-04-18T09:14:41.915Z,2023-04-18T09:42:37.039Z,2023-04-18T13:00:00.000Z,Tuesday,Kallahun,District Office , reception department ,No,n/a,n/a,Yes,n/a,Yes,n/a,5,4,3,3,11,Yes,n/a,Not at all ,14:40:00.000Z,n/a,vh7oZxJjY9MUV4fUUctTBN,uuid:62652d34-3994-43c2-8237-36803a34d227,112725955,62652d34-3994-43c2-8237-36803a34d227,2023-04-19T20:50:19,2023-04-19T20:50:19
2023-04-18T09:58:58.843Z,2023-04-18T10:03:53.763Z,2023-04-17T11:20:00.000Z,Monday,Kallahun,DHMT(District health management team),Drug store department.,No,n/a,n/a,Yes,n/a,Yes,n/a,18,24,50,55,16,Yes,n/a,Not at all ,13:03:00.000Z,n/a,vh7oZxJjY9MUV4fUUctTBN,uuid:c18ec954-423e-4410-a5b1-855b1b860d7c,112725956,c18ec954-423e-4410-a5b1-855b1b860d7c,2023-04-19T20:50:20,2023-04-19T20:50:20
2023-04-18T10:03:59.516Z,2023-04-18T10:07:49.544Z,2023-04-17T14:06:00.000Z,Monday,Kallahun,DHMT District health management team.,Engineering department ,No,n/a,n/a,Yes,n/a,Yes,n/a,5,10,6,1,1,Yes,n/a,No,16:07:00.000Z,n/a,vh7oZxJjY9MUV4fUUctTBN,uuid:9eb2d01a-343f-4572-9554-80ddc1d929e8,112725957,9eb2d01a-343f-4572-9554-80ddc1d929e8,2023-04-19T20:50:20,2023-04-19T20:50:20
2023-04-18T10:07:54.049Z,2023-04-18T10:12:22.415Z,2023-04-18T16:29:00.000Z,Monday,Kallahun,DHMT District health management team ,Consultation room department.,No,n/a,n/a,Yes,n/a,Yes,n/a,3,3,16,28,8,Yes,n/a,I think women are treated as equal to men.,06:12:00.000Z,n/a,vh7oZxJjY9MUV4fUUctTBN,uuid:c9d37459-e470-4eb9-ab75-6027f06dfec6,112725958,c9d37459-e470-4eb9-ab75-6027f06dfec6,2023-04-19T20:50:21,2023-04-19T20:50:21
2023-04-18T10:33:49.803Z,2023-04-18T10:41:56.449Z,2023-04-19T08:53:00.000Z,Wednesday,Kallahun,Civil society ,Finance office ,Yes,The office have a blue paint inside and have different department which deal with women initiative and also have a lot of staff's.,The primary function of this agency is the empowerment of women peace and promotion.,Yes,n/a,Yes,n/a,12,9,2,6,2,Yes,n/a,I think women have more access to this agency.,11:45:00.000Z,n/a,vh7oZxJjY9MUV4fUUctTBN,uuid:97ef02df-d806-451d-9f97-0f9708bfcd9e,112725960,97ef02df-d806-451d-9f97-0f9708bfcd9e,2023-04-19T20:50:22,2023-04-19T20:50:22
2023-04-18T10:42:31.732Z,2023-04-18T10:44:57.714Z,2023-04-19T13:00:00.000Z,Wednesday,Kallahun,Civil society ,District coordinator office ,No,n/a,n/a,Yes,n/a,Yes,n/a,3,1,15,8,4,Yes,n/a,No,15:20:00.000Z,n/a,vh7oZxJjY9MUV4fUUctTBN,uuid:4c7c031a-eacd-4133-be93-fe0af8c9211e,112725961,4c7c031a-eacd-4133-be93-fe0af8c9211e,2023-04-19T20:50:22,2023-04-19T20:50:22
2023-04-18T10:45:01.991Z,2023-04-19T08:57:46.967Z,2023-04-19T16:10:00.000Z,Wednesday,Kallahun,Civil society,Program unit,No,n/a,n/a,Yes,n/a,Yes,n/a,1,1,26,5,1,Yes,n/a,No,17:40:00.000Z,n/a,vh7oZxJjY9MUV4fUUctTBN,uuid:939a7c8a-547e-4bf0-9342-0434cb5606d8,112725962,939a7c8a-547e-4bf0-9342-0434cb5606d8,2023-04-19T20:50:23,2023-04-19T20:50:23
2023-04-19T13:46:07.001Z,2023-04-19T20:55:45.634Z,2023-04-18T12:45:00.000Z,Tuesday,Bo,Ministry of labour,Office room,Yes,A big structure with different offices. The ministry has a single apartment and a reception,The Ministry is charged with the responsibility to promote sound labour employment relations.,Yes,n/a,Yes,n/a,1,0,3,1,0,Yes,n/a,n/a,15:28:00.000Z,n/a,vh7oZxJjY9MUV4fUUctTBN,uuid:487b04bf-3c6e-465c-b1f8-606d8dbb1c98,112726030,487b04bf-3c6e-465c-b1f8-606d8dbb1c98,2023-04-19T20:57:26,2023-04-19T20:57:26
2023-04-19T14:01:11.902Z,2023-04-19T20:57:04.046Z,2023-04-19T16:02:00.000Z,Wednesday,Bo,Ministry of labour,Labour office,No,n/a,n/a,Yes,n/a,Yes,n/a,1,0,2,3,1,Yes,n/a,n/a,17:39:00.000Z,n/a,vh7oZxJjY9MUV4fUUctTBN,uuid:eb2752d3-9141-4d2c-837d-da8560351cb3,112726031,eb2752d3-9141-4d2c-837d-da8560351cb3,2023-04-19T20:57:26,2023-04-19T20:57:26
2023-04-19T11:05:55.793Z,2023-04-19T21:07:00.957Z,2023-04-19T12:06:00.000Z,Wednesday,Bo,Police station,Family Support Unit department,No,n/a,n/a,Yes,n/a,Yes,n/a,6,5,18,59,5,Yes,n/a,n/a,15:32:00.000Z,n/a,vh7oZxJjY9MUV4fUUctTBN,uuid:b8035687-81e3-41ba-89df-cd5fff8ad04e,112726110,b8035687-81e3-41ba-89df-cd5fff8ad04e,2023-04-19T21:07:09,2023-04-19T21:07:09
2023-04-19T10:34:27.949Z,2023-04-19T10:59:41.198Z,2023-04-19T10:18:00.000Z,Wednesday,Freetown,Small and Medium Enterprises Development Agency,The reception,No,n/a,n/a,Yes,n/a,Yes,n/a,3,1,0,1,0,Yes,n/a,The general public should be educated on the activities and helped provided by some of these institutions including this one. It was observed that less visit is being made to these offices probably based on the location and less knowledge of the local people about it.,11:38:00.000Z,n/a,vh7oZxJjY9MUV4fUUctTBN,uuid:310df324-3fdb-4e2c-bb4b-67e12eed8a41,112747116,310df324-3fdb-4e2c-bb4b-67e12eed8a41,2023-04-20T11:03:50,2023-04-20T11:03:51
2023-04-19T11:44:20.496Z,2023-04-19T11:57:22.270Z,2023-04-19T11:44:00.000Z,Wednesday,Freetown,Sierra Leone Cooperative Society,Cooperative department,No,n/a,n/a,Yes,n/a,Yes,n/a,6,3,2,4,1,No,"It was learnt that women have more interest in the institution than men, so they are treated with priority.","It should also be noted that when women are joining these institutions, their rights to access information should also be a key.",12:09:00.000Z,n/a,vh7oZxJjY9MUV4fUUctTBN,uuid:c793a9df-f30c-4f66-9043-20dd5ce7d587,112757861,c793a9df-f30c-4f66-9043-20dd5ce7d587,2023-04-20T15:04:14,2023-04-20T15:04:14
2023-04-19T12:48:41.837Z,2023-04-20T06:35:19.997Z,2023-04-19T13:29:00.000Z,Wednesday,Freetown,Freetown City Council,Visitors awaiting room,No,n/a,n/a,Yes,n/a,Yes,n/a,21,17,13,19,6,No,Offices like the Freetown City Council is a place where information is difficult to get due to the procedures involved. It is mostly difficult for men to even get information from this office not to talk of a woman.,"It should be preached in offices and other institutions that women should always be a priority when seeking information. Women do have a lot to do at home, wasting their time or depriving them from not getting information will discourage them which will loose their interest.",14:00:00.000Z,n/a,vh7oZxJjY9MUV4fUUctTBN,uuid:e445c09a-d1bf-498b-8c09-f59be78f4ee3,112757862,e445c09a-d1bf-498b-8c09-f59be78f4ee3,2023-04-20T15:04:15,2023-04-20T15:04:15
2023-04-20T11:15:00.905Z,2023-04-20T14:31:59.608Z,2023-04-20T11:15:00.000Z,Thursday,Freetown,Small and Medium Enterprises Development Agency,The receptionist office.,No,n/a,n/a,Yes,n/a,Yes,n/a,3,2,0,3,1,No,They are most times marginalized in certain offices.,Their should be a gender balance in terms of information dissemination.,11:37:00.000Z,n/a,vh7oZxJjY9MUV4fUUctTBN,uuid:a492d152-8ac3-4b81-846a-6f320328cd35,112757892,a492d152-8ac3-4b81-846a-6f320328cd35,2023-04-20T15:04:45,2023-04-20T15:04:45
2023-04-20T12:19:16.453Z,2023-04-20T14:30:23.858Z,2023-04-20T12:39:00.000Z,Thursday,Freetown,Sierra Leone Cooperative Society,Cooperative department,No,n/a,n/a,Yes,n/a,Yes,n/a,4,1,0,0,0,Yes,n/a,It is not too frequent to see a visitor visiting this office as most do go to their various cooperative agencies.,12:59:00.000Z,n/a,vh7oZxJjY9MUV4fUUctTBN,uuid:886ea0b3-c823-449e-8837-5ab759fc3187,112757910,886ea0b3-c823-449e-8837-5ab759fc3187,2023-04-20T15:05:33,2023-04-20T15:05:33
2023-04-20T12:52:36.523Z,2023-04-20T14:43:53.227Z,2023-04-20T13:32:00.000Z,Thursday,Freetown,Freetown City Council,Down stairs- visitors awaiting place,No,n/a,n/a,Yes,n/a,Yes,n/a,26,16,21,10,5,Yes,n/a,No,14:28:00.000Z,n/a,vh7oZxJjY9MUV4fUUctTBN,uuid:4457a13b-5452-4811-bf59-aaf70bef2a0d,112757912,4457a13b-5452-4811-bf59-aaf70bef2a0d,2023-04-20T15:05:36,2023-04-20T15:05:36
2023-04-20T12:53:55.131Z,2023-04-20T14:49:02.842Z,2023-04-20T16:04:00.000Z,Thursday,Freetown,Freetown City Council,The Ground floor- visitors awaiting room.,No,n/a,n/a,Yes,n/a,Yes,n/a,14,12,12,10,2,Yes,n/a,Let othe offices practice gender balance as  the Freetown City Council.,16:48:00.000Z,n/a,vh7oZxJjY9MUV4fUUctTBN,uuid:200b6b5c-0e19-40f1-9bea-45675c4934fa,112757913,200b6b5c-0e19-40f1-9bea-45675c4934fa,2023-04-20T15:05:36,2023-04-20T15:05:36
2023-04-19T14:02:04.369Z,2023-04-20T21:32:36.033Z,2023-04-20T09:42:00.000Z,Thursday,Bo,Ministry of labour,Labour office,No,n/a,n/a,Yes,n/a,Yes,n/a,1,0,1,1,0,Yes,n/a,n/a,12:39:00.000Z,n/a,vh7oZxJjY9MUV4fUUctTBN,uuid:b0041f34-9d3c-4ec5-bf17-3c0304f60cc7,112767756,b0041f34-9d3c-4ec5-bf17-3c0304f60cc7,2023-04-20T21:32:47,2023-04-20T21:32:47
2023-04-24T12:31:24.236Z,2023-04-24T15:04:21.402Z,2023-04-24T12:51:00.000Z,Monday,Port Loko,Ministry of Labour,Main Office,No,n/a,n/a,Yes,n/a,Yes,n/a,1,0,2,0,0,No,Education,More women's empowerment,13:48:00.000Z,n/a,vh7oZxJjY9MUV4fUUctTBN,uuid:ed0e0e38-5789-4eaa-9b77-66d92363bbb1,112842635,ed0e0e38-5789-4eaa-9b77-66d92363bbb1,2023-04-24T15:05:08,2023-04-24T15:05:08
2023-04-24T12:48:49.500Z,2023-04-24T15:04:09.963Z,2023-04-21T10:06:00.000Z,Friday,Port Loko,Port Loko city council,Waiting Room,No,n/a,n/a,Yes,n/a,Yes,n/a,13,4,6,8,0,No,No awareness raising about the importance of women's access information,Education and More women's empowerment,12:52:00.000Z,n/a,vh7oZxJjY9MUV4fUUctTBN,uuid:7e64ff5c-86fb-426c-9b23-24f3ba21b111,112842636,7e64ff5c-86fb-426c-9b23-24f3ba21b111,2023-04-24T15:05:09,2023-04-24T15:05:09
2023-04-25T16:51:10.901Z,2023-04-25T16:54:37.019Z,2023-04-25T11:11:00.000Z,Tuesday,Port Loko,Ministry of Labour ,Main office ,No,n/a,n/a,Yes,n/a,Yes,n/a,3,2,1,2,0,Yes,n/a,ICT.Materials about the importance of women's to information ,n/a,n/a,vh7oZxJjY9MUV4fUUctTBN,uuid:836797ff-25c4-4391-8d63-b3af0c4ee4fb,112885226,836797ff-25c4-4391-8d63-b3af0c4ee4fb,2023-04-25T16:55:28,2023-04-25T16:55:28
2023-04-19T13:15:38.423Z,2023-04-26T22:11:11.936Z,2023-04-26T11:11:00.000Z,Wednesday,Bo,National Social Security and Insurance Trust (NASSIT),NASSIT,No,n/a,n/a,Yes,n/a,Yes,n/a,6,4,3,4,0,Yes,n/a,None,12:35:00.000Z,n/a,vh7oZxJjY9MUV4fUUctTBN,uuid:0e2b7010-03b6-460d-8390-ab2c180a50b6,112955925,0e2b7010-03b6-460d-8390-ab2c180a50b6,2023-04-26T22:11:17,2023-04-26T22:11:17
2023-04-19T15:08:12.325Z,2023-04-26T22:11:56.573Z,2023-04-25T16:40:00.000Z,Tuesday,Bo,Ministry of Lands,Reception,Yes,The office is located at the center of Bo with a very office big compound and spacious office spaces.,The ultimate goal of the Ministry is to administer policies for land. And also to manage the natural asset of the country.,Yes,n/a,Yes,n/a,5,2,2,1,1,Yes,n/a,n/a,17:42:00.000Z,n/a,vh7oZxJjY9MUV4fUUctTBN,uuid:1ceb8b31-0f4f-4f15-a406-5d3fabccb072,112955952,1ceb8b31-0f4f-4f15-a406-5d3fabccb072,2023-04-26T22:12:05,2023-04-26T22:12:05
2023-03-14T16:50:11.550Z,2023-03-15T12:20:59.410Z,2023-03-15T12:01:00.000Z,Thursday,Western Area,Magistrate court ,Court ward,Yes,It is open to all and big building ,This for cashes,Yes,n/a,Yes,n/a,50,40,70,80,30,Yes,n/a,They need to give fear judgement to people who are coming ,12:00:00.000Z,n/a,vh7oZxJjY9MUV4fUUctTBN,uuid:69fb22ca-45bc-4721-aff1-c4214f29136e,113695792,69fb22ca-45bc-4721-aff1-c4214f29136e,2023-05-10T15:39:24,2023-05-10T15:39:24
2023-03-15T13:02:39.548Z,2023-03-16T09:27:46.723Z,2023-03-15T14:33:00.000Z,Wednesday,Western Area,Family support unit Waterloo,Family support unit Waterloo division,No,n/a,n/a,Yes,n/a,Yes,n/a,7,5,15,25,6,Yes,n/a,The office space is small,13:17:00.000Z,n/a,vh7oZxJjY9MUV4fUUctTBN,uuid:823d9365-96fb-42ac-9404-6654ab830f5a,113695799,823d9365-96fb-42ac-9404-6654ab830f5a,2023-05-10T15:39:27,2023-05-10T15:39:27
2023-03-16T11:23:39.130Z,2023-03-16T11:38:57.097Z,2023-03-16T11:24:00.000Z,Thursday,Western Area,Lettie Stuart pottery Sierra.  Sierra Leone Adult Education Campbell towm ,Littie Stuart pottery ,Yes,Spaceous,Training of people on pottery ,Yes,n/a,Yes,n/a,4,5,5,8,4,Yes,n/a,They should encourage more women to come and learn,11:38:00.000Z,n/a,vh7oZxJjY9MUV4fUUctTBN,uuid:ea055d3d-6cfa-4d53-82b6-3d625e130943,113695801,ea055d3d-6cfa-4d53-82b6-3d625e130943,2023-05-10T15:39:27,2023-05-10T15:39:27
2023-03-20T13:00:32.421Z,2023-03-22T01:30:45.911Z,2023-03-20T13:00:00.000Z,Monday,Western Area,Ministry of Education Basic and secondary school Waterloo office,Education office,Yes,Big and spaceous,Is for the affairs of schools and pupils both primary and secondary,Yes,n/a,Yes,n/a,7,10,5,10,8,Yes,n/a,"There should be early Access , support and supplies early",12:57:00.000Z,n/a,vh7oZxJjY9MUV4fUUctTBN,uuid:d7ba3e8a-cece-4485-b01c-a998cf3191dd,113695813,d7ba3e8a-cece-4485-b01c-a998cf3191dd,2023-05-10T15:39:34,2023-05-10T15:39:34
2023-04-18T10:03:39.010Z,2023-04-18T10:11:21.514Z,2023-04-18T10:04:00.000Z,Tuesday,Western Area,Creamic pottery center Waterloo via Campbell towm ,Pottery,No,n/a,n/a,Yes,n/a,Yes,n/a,3,5,4,3,2,Yes,n/a,The office space is big and spaceous ,09:50:00.000Z,n/a,vh7oZxJjY9MUV4fUUctTBN,uuid:b237dc09-bded-4bd1-b04e-1261324b6cd7,113695828,b237dc09-bded-4bd1-b04e-1261324b6cd7,2023-05-10T15:39:38,2023-05-10T15:39:38
2023-04-24T10:30:22.851Z,2023-04-24T10:39:58.954Z,2023-04-24T10:30:00.000Z,Monday,Western Area,Family support unit Waterloo division police ,Support unit of family Waterloo division ,No,n/a,n/a,Yes,n/a,Yes,n/a,7,5,10,13,5,Yes,n/a,Fear treatment ,10:19:00.000Z,n/a,vh7oZxJjY9MUV4fUUctTBN,uuid:2cd58191-864e-4907-9a24-87dbd37e4ade,113695832,2cd58191-864e-4907-9a24-87dbd37e4ade,2023-05-10T15:39:39,2023-05-10T15:39:39
2023-04-17T14:04:44.458Z,2023-05-10T07:22:14.344Z,2023-05-04T11:11:00.000Z,Thursday,Western Area,District Ministry of Education WARDC ,Secretariat ,Yes,Good setup ,Daily Correspondence for the agency ,Yes,n/a,Yes,n/a,8,5,6,4,2,No,The women I Saw wait outside for so long ,Equal treatment should be given to both ,11:07:00.000Z,n/a,vh7oZxJjY9MUV4fUUctTBN,uuid:71cd4bcb-8346-4f10-8866-65a2586fbaeb,113696220,71cd4bcb-8346-4f10-8866-65a2586fbaeb,2023-05-10T15:44:20,2023-05-10T15:44:20
2023-04-17T14:05:44.955Z,2023-05-10T09:14:18.928Z,2023-05-04T12:54:00.000Z,Thursday,Western Area,Ministry of Social welfare and Children affairs ,Gender Officer ,No,n/a,n/a,Yes,n/a,Yes,n/a,2,3,3,6,0,Yes,n/a,Confidence to women is the challenge ,14:38:00.000Z,n/a,vh7oZxJjY9MUV4fUUctTBN,uuid:cc276d4a-48ef-4114-99b1-a8d616faaa43,113696227,cc276d4a-48ef-4114-99b1-a8d616faaa43,2023-05-10T15:44:22,2023-05-10T15:44:22
2023-04-17T14:11:01.081Z,2023-05-10T09:19:24.852Z,2023-05-05T09:34:00.000Z,Friday,Western Area,Magistrate Court ,Clerk's office ,No,n/a,n/a,Yes,n/a,Yes,n/a,5,4,16,12,5,Yes,n/a,Women should move out of self esteem ,13:46:00.000Z,n/a,vh7oZxJjY9MUV4fUUctTBN,uuid:85d8972d-6901-4021-992c-84c632d9fc29,113696233,85d8972d-6901-4021-992c-84c632d9fc29,2023-05-10T15:44:25,2023-05-10T15:44:25
2023-04-17T14:11:57.179Z,2023-05-10T15:06:39.866Z,2023-05-05T15:22:00.000Z,Friday,Western Area,Social welfare ,Gender and Children affairs,No,n/a,n/a,Yes,n/a,Yes,n/a,5,3,2,18,1,Yes,n/a,Women should be confidence request for information ,16:06:00.000Z,n/a,vh7oZxJjY9MUV4fUUctTBN,uuid:0304ba41-a407-4e0c-a202-0011f16a0b42,113696251,0304ba41-a407-4e0c-a202-0011f16a0b42,2023-05-10T15:44:40,2023-05-10T15:44:40
2023-04-17T14:16:06.347Z,2023-05-10T15:09:44.087Z,2023-05-08T09:26:00.000Z,Monday,Western Area,Education office ,D D office ,No,n/a,n/a,Yes,n/a,Yes,n/a,6,5,9,7,10,Yes,n/a,Self-esteem ,13:09:00.000Z,n/a,vh7oZxJjY9MUV4fUUctTBN,uuid:3304215a-44ce-41a2-bbb3-17581c2a59cc,113696268,3304215a-44ce-41a2-bbb3-17581c2a59cc,2023-05-10T15:44:46,2023-05-10T15:44:46
2023-04-17T14:16:48.505Z,2023-05-10T15:13:49.636Z,2023-05-08T14:50:00.000Z,Monday,Western Area,Magistrate Court ,Clerk's office ,Yes,Friendly ,Attending to client on file in cases/ report ,Yes,n/a,Yes,n/a,4,2,17,12,3,Yes,n/a,n/a,n/a,n/a,vh7oZxJjY9MUV4fUUctTBN,uuid:f5fdf281-1acb-4e6b-8e7d-c8eaa5abe4f8,113696270,f5fdf281-1acb-4e6b-8e7d-c8eaa5abe4f8,2023-05-10T15:44:47,2023-05-10T15:44:47
2023-03-21T12:53:15.537Z,2023-03-21T12:57:59.795Z,2023-03-21T13:13:00.000Z,Tuesday,Bombali,Mennah police station ,Anti Rubbery Unit,No,n/a,n/a,Yes,n/a,Yes,n/a,7,3,15,2,0,Yes,n/a,Women are not frequently visiting that unit,n/a,n/a,vh7oZxJjY9MUV4fUUctTBN,uuid:41e0f801-7908-4d15-aa76-90feecc99bf0,114322342,41e0f801-7908-4d15-aa76-90feecc99bf0,2023-05-23T14:52:40,2023-05-23T14:52:40
2023-03-21T13:18:14.414Z,2023-03-21T13:22:45.078Z,2023-03-21T13:38:00.000Z,Tuesday,Bombali,Ministry of lands,Registers unit,No,n/a,n/a,Yes,n/a,Yes,n/a,5,1,12,8,0,Yes,n/a,Womem pay less visit to the office ,13:22:00.000Z,n/a,vh7oZxJjY9MUV4fUUctTBN,uuid:b21dd3a2-022f-4ef8-b2bd-37b47bbcf6ee,114322351,b21dd3a2-022f-4ef8-b2bd-37b47bbcf6ee,2023-05-23T14:52:42,2023-05-23T14:52:42
2023-03-21T15:36:45.573Z,2023-03-21T15:40:02.641Z,2023-03-21T15:57:00.000Z,Tuesday,Bombali,National Revenue Authority ,Finance unit ,No,n/a,n/a,Yes,n/a,Yes,n/a,6,2,15,5,1,Yes,n/a,None,n/a,n/a,vh7oZxJjY9MUV4fUUctTBN,uuid:89fa2e61-90f9-4312-98b2-41aeefa9db46,114322354,89fa2e61-90f9-4312-98b2-41aeefa9db46,2023-05-23T14:52:44,2023-05-23T14:52:44
2023-03-22T11:25:13.565Z,2023-03-22T11:31:05.303Z,2023-03-22T11:45:00.000Z,Wednesday,Bombali,Ministry of Lands ,Survey unit,No,n/a,n/a,Yes,n/a,Yes,n/a,6,2,10,0,0,Not_applicable,n/a,I can't tell because during my visit their is no Women visiting the office,n/a,n/a,vh7oZxJjY9MUV4fUUctTBN,uuid:31e46fcf-c1ed-453f-8e18-4e67963a52e3,114322356,31e46fcf-c1ed-453f-8e18-4e67963a52e3,2023-05-23T14:52:45,2023-05-23T14:52:45
2023-03-22T12:03:09.197Z,2023-03-22T12:19:55.785Z,2023-03-22T12:23:00.000Z,Wednesday,Bombali,Nasit ,Finance Section ,No,n/a,n/a,Yes,n/a,Yes,n/a,10,3,15,10,2,Yes,n/a,None,n/a,n/a,vh7oZxJjY9MUV4fUUctTBN,uuid:01d6e87f-8b72-4ea3-a268-e37f02243a58,114322358,01d6e87f-8b72-4ea3-a268-e37f02243a58,2023-05-23T14:52:45,2023-05-23T14:52:45
2023-03-22T14:40:50.812Z,2023-03-23T16:17:49.765Z,2023-03-22T15:21:00.000Z,Wednesday,Bombali,Mennah police station,Investigation unit,No,n/a,n/a,Yes,n/a,Yes,n/a,8,5,13,10,3,Yes,n/a,None,n/a,n/a,vh7oZxJjY9MUV4fUUctTBN,uuid:87e69a2a-98f9-4811-918e-4d39972dd929,114322360,87e69a2a-98f9-4811-918e-4d39972dd929,2023-05-23T14:52:46,2023-05-23T14:52:46
2023-03-22T15:12:47.227Z,2023-04-05T15:30:34.667Z,2023-03-22T15:53:00.000Z,Wednesday,Bombali,NRA,Income tax unit,No,n/a,n/a,Yes,n/a,Yes,n/a,4,1,5,3,0,Yes,n/a,People are treated wellp,n/a,n/a,vh7oZxJjY9MUV4fUUctTBN,uuid:a9be4e9a-70fe-445b-96aa-16ee5f810d35,114322363,a9be4e9a-70fe-445b-96aa-16ee5f810d35,2023-05-23T14:52:46,2023-05-23T14:52:46
2023-03-23T10:03:08.803Z,2023-03-23T10:07:28.404Z,2023-03-23T10:23:00.000Z,Thursday,Bombali,Ministry of Labor ,Non-citizens ,No,n/a,n/a,Yes,n/a,Yes,n/a,2,1,0,1,6,Yes,n/a,Women are not frequent,n/a,n/a,vh7oZxJjY9MUV4fUUctTBN,uuid:83f822d3-4646-4cdb-bb70-556b3653fff8,114322364,83f822d3-4646-4cdb-bb70-556b3653fff8,2023-05-23T14:52:47,2023-05-23T14:52:47
2023-03-23T11:18:16.891Z,2023-04-05T15:29:35.617Z,n/a,Thursday,Bombali,Sierra Leone Red Cross Society,Disaster Management unit,No,n/a,n/a,Yes,n/a,Yes,n/a,3,2,4,2,0,Yes,n/a,None,n/a,n/a,vh7oZxJjY9MUV4fUUctTBN,uuid:d1ddb218-d733-41da-b235-86e573e32348,114322367,d1ddb218-d733-41da-b235-86e573e32348,2023-05-23T14:52:48,2023-05-23T14:52:48
2023-04-05T15:24:47.616Z,2023-04-24T11:48:59.422Z,2023-04-05T16:04:00.000Z,Wednesday,Bombali,Human Rights Commission,Complaint Division,Yes,A two story building and painted blue and white,To receive human rights complaint,Yes,n/a,Yes,n/a,8,2,2,10,2,Yes,n/a,Noon,n/a,n/a,vh7oZxJjY9MUV4fUUctTBN,uuid:8dfb713d-d1af-4c33-87c2-1f8d32b016fc,114322372,8dfb713d-d1af-4c33-87c2-1f8d32b016fc,2023-05-23T14:52:50,2023-05-23T14:52:50
2023-04-05T15:30:44.389Z,2023-04-05T15:37:59.262Z,2023-04-05T15:51:00.000Z,Wednesday,Bombali,Legal Aid Board,Investigation unit,Yes,A one flat building and white and gray paint. The office is very nice ,To provide legal support to people who can't afford to secure a lawyer to represent him/her in court,Yes,n/a,Yes,n/a,5,1,8,10,0,Yes,n/a,There should be more programs to sensitized womens of their right ,15:37:00.000Z,n/a,vh7oZxJjY9MUV4fUUctTBN,uuid:55279f63-5b26-4eb1-af08-f249b666c640,114322375,55279f63-5b26-4eb1-af08-f249b666c640,2023-05-23T14:52:52,2023-05-23T14:52:52
2023-04-06T14:00:11.295Z,2023-04-06T14:02:56.293Z,2023-04-06T14:20:00.000Z,Thursday,Bombali,Legal Aid Board ,Administrative wing,No,n/a,n/a,Yes,n/a,n/a,n/a,6,2,5,3,0,Yes,n/a,More sensitization is needed in the area of information seeking ,14:02:00.000Z,n/a,vh7oZxJjY9MUV4fUUctTBN,uuid:ecfc8081-655a-412d-8a65-34a07c79ce3d,114322381,ecfc8081-655a-412d-8a65-34a07c79ce3d,2023-05-23T14:52:53,2023-05-23T14:52:53
2023-04-06T14:03:04.128Z,2023-04-06T14:06:59.769Z,2023-04-06T14:23:00.000Z,Thursday,Bombali,Human rights commission ,Complaint unit ,No,n/a,n/a,Yes,n/a,Yes,n/a,8,3,4,8,2,Yes,n/a,More sensitization and education increase is needed in ether to enhance development ,14:06:00.000Z,n/a,vh7oZxJjY9MUV4fUUctTBN,uuid:4344bdfa-6d68-4f1a-8629-00cc9e800bc8,114322383,4344bdfa-6d68-4f1a-8629-00cc9e800bc8,2023-05-23T14:52:54,2023-05-23T14:52:54
2023-04-24T11:12:26.770Z,2023-04-24T11:17:56.314Z,2023-04-24T11:32:00.000Z,Monday,Bombali,Human Rights Commission ,Complaint unit ,No,n/a,n/a,Yes,n/a,Yes,n/a,10,2,6,4,1,Yes,n/a,The only problem women are afraid to ask for information.,11:17:00.000Z,n/a,vh7oZxJjY9MUV4fUUctTBN,uuid:3ab6dd7a-7604-4b6a-8d4b-7c66463d0b76,114322386,3ab6dd7a-7604-4b6a-8d4b-7c66463d0b76,2023-05-23T14:52:55,2023-05-23T14:52:55
2023-04-24T11:50:40.719Z,2023-04-24T11:55:29.155Z,2023-04-24T12:11:00.000Z,Monday,Bombali,Law Officers Department ,Investigation Unit,No,n/a,n/a,Yes,n/a,n/a,n/a,6,2,7,5,2,Yes,n/a,More sensitization is needed in this area ,11:55:00.000Z,n/a,vh7oZxJjY9MUV4fUUctTBN,uuid:4a4e6cd4-909d-43be-9413-816e222eafc8,114322389,4a4e6cd4-909d-43be-9413-816e222eafc8,2023-05-23T14:52:56,2023-05-23T14:52:56
2023-05-10T15:11:24.951Z,2023-05-15T15:12:01.311Z,2023-05-10T15:31:00.000Z,Wednesday,Bombali,Marie Stoop,Cancelling Section,Yes,A very nice one flat and painted blue and white,To provide preventive to women,Yes,n/a,Yes,n/a,3,8,5,20,2,Yes,n/a,We need to put more resources in this area,15:24:00.000Z,n/a,vh7oZxJjY9MUV4fUUctTBN,uuid:85af7814-8032-4d73-8b4d-ddd3ad45905f,114322393,85af7814-8032-4d73-8b4d-ddd3ad45905f,2023-05-23T14:52:57,2023-05-23T14:52:57
2023-05-15T15:12:10.190Z,2023-05-15T15:16:17.496Z,2023-05-15T15:32:00.000Z,Monday,Bombali,Marie Stoop ,Preventive section ,No,n/a,n/a,Yes,n/a,Yes,n/a,3,6,3,15,1,Yes,n/a,We need to do more sensitization ,n/a,n/a,vh7oZxJjY9MUV4fUUctTBN,uuid:32a4030b-0da9-430f-8cae-40f4002305ed,114322396,32a4030b-0da9-430f-8cae-40f4002305ed,2023-05-23T14:52:58,2023-05-23T14:52:58
2023-05-15T15:17:20.668Z,2023-05-15T15:57:43.145Z,2023-05-15T15:38:00.000Z,Monday,Bombali,Law Officers Department ,Abitration unit,Yes,A one flat building painted yellow and white,To settle dispute among Local people,Yes,n/a,Yes,n/a,8,1,15,3,2,Yes,n/a,We need more sensitization ,n/a,n/a,vh7oZxJjY9MUV4fUUctTBN,uuid:5f6d0b69-f5e9-4727-b56f-0c8a990e815b,114322399,5f6d0b69-f5e9-4727-b56f-0c8a990e815b,2023-05-23T14:52:59,2023-05-23T14:52:59
2023-05-16T15:47:13.182Z,2023-05-16T15:55:30.849Z,2023-05-16T16:07:00.000Z,Tuesday,Bombali,Marie Stoop ,Outreach unit,No,n/a,n/a,Yes,n/a,Yes,n/a,4,6,6,25,n/a,No,Women visit this office  more than men to seek information to ,More sensitization and more effort need to be placed in this office,n/a,n/a,vh7oZxJjY9MUV4fUUctTBN,uuid:275bfe78-f51f-4837-892a-e15bbdf323ee,114322401,275bfe78-f51f-4837-892a-e15bbdf323ee,2023-05-23T14:53:00,2023-05-23T14:53:00
2023-05-16T16:33:25.813Z,2023-05-16T16:36:52.159Z,2023-05-16T16:53:00.000Z,Tuesday,Bombali,Law Officers Department ,Abitration unit ,No,n/a,n/a,Yes,n/a,Yes,n/a,1,9,10,15,4,Yes,n/a,More sensitization is needed in this area,16:36:00.000Z,n/a,vh7oZxJjY9MUV4fUUctTBN,uuid:dd161831-5685-4ae8-b138-0de6df4ed3e9,114322404,dd161831-5685-4ae8-b138-0de6df4ed3e9,2023-05-23T14:53:01,2023-05-23T14:53:01
2023-06-02T11:44:10.854Z,2023-06-05T06:44:03.260Z,2023-06-03T00:05:00.000Z,Friday,Western Area,SLADEA,Project awarding office,Yes,Friendly for all categories ,Scrutinized proposal and recommend for approval,Yes,n/a,Yes,n/a,5,3,2,4,3,Yes,n/a,Building women confidence and capacity building ,12:38:00.000Z,n/a,vh7oZxJjY9MUV4fUUctTBN,uuid:d083eabd-1fb9-4311-a98c-f43637a15051,115245226,d083eabd-1fb9-4311-a98c-f43637a15051,2023-06-05T09:45:12,2023-06-05T09:45:12
2023-06-02T11:51:17.263Z,2023-06-05T06:47:54.179Z,2023-06-02T13:31:00.000Z,Friday,Western Area,SLADEA,Reception,No,n/a,n/a,Yes,n/a,Yes,n/a,5,4,8,6,0,Yes,n/a,No,13:50:00.000Z,n/a,vh7oZxJjY9MUV4fUUctTBN,uuid:f196c9fd-227b-4c55-b74a-e422154c8821,115245227,f196c9fd-227b-4c55-b74a-e422154c8821,2023-06-05T09:45:13,2023-06-05T09:45:13
2023-06-02T12:22:24.202Z,2023-06-05T06:49:21.491Z,2023-06-02T13:02:00.000Z,Thursday,Western Area,Western Area Rural District Council,Gender Officer,No,n/a,n/a,Yes,n/a,Yes,n/a,1,1,2,16,0,Yes,n/a,Build confidence and capacity,16:28:00.000Z,n/a,vh7oZxJjY9MUV4fUUctTBN,uuid:15fc17b9-8128-4502-9c34-1f3ab6bc0c15,115245232,15fc17b9-8128-4502-9c34-1f3ab6bc0c15,2023-06-05T09:45:15,2023-06-05T09:45:15
2023-06-02T12:32:12.808Z,2023-06-05T06:52:54.603Z,2023-06-01T13:32:00.000Z,Thursday,Western Area,Western Area Rural District Council,Gender Office,No,n/a,n/a,Yes,n/a,Yes,n/a,1,1,5,6,0,Yes,n/a,Confidence building must restore to women,13:39:00.000Z,n/a,vh7oZxJjY9MUV4fUUctTBN,uuid:15c8b7fd-347e-4748-a2c5-e8ad4c871042,115245233,15c8b7fd-347e-4748-a2c5-e8ad4c871042,2023-06-05T09:45:16,2023-06-05T09:45:16
2023-06-02T16:13:10.979Z,2023-06-05T06:58:46.513Z,2023-06-01T16:15:00.000Z,Thursday,Western Area,District Agriculture office ,Extension office ,No,n/a,n/a,Yes,n/a,Yes,n/a,4,2,8,13,0,Yes,n/a,Distance to get into the office is too far ,16:14:00.000Z,n/a,vh7oZxJjY9MUV4fUUctTBN,uuid:54be5d02-b0c3-471e-95fb-dd50980e9cb8,115245243,54be5d02-b0c3-471e-95fb-dd50980e9cb8,2023-06-05T09:45:20,2023-06-05T09:45:20
2023-06-02T16:14:34.888Z,2023-06-05T07:03:52.356Z,2023-06-03T10:28:00.000Z,Saturday,Western Area,District Agriculture office (WARD),Extension office ,No,n/a,n/a,Yes,n/a,Yes,n/a,2,1,9,8,0,Yes,n/a,Distance is a challenge to locate the office ,12:08:00.000Z,n/a,vh7oZxJjY9MUV4fUUctTBN,uuid:2bcf5bf1-ca31-40e2-90b0-935877632c86,115245244,2bcf5bf1-ca31-40e2-90b0-935877632c86,2023-06-05T09:45:21,2023-06-05T09:45:21
2023-06-02T16:15:26.063Z,2023-06-05T07:09:16.974Z,2023-06-03T13:46:00.000Z,Saturday,Western Area,District Agricultural office ,Seedlings department ,Yes,Disable friendly and well setup ,Seed supply ,Yes,n/a,Yes,n/a,4,2,10,16,0,Yes,n/a,Long distance to locate the office ,15:16:00.000Z,n/a,vh7oZxJjY9MUV4fUUctTBN,uuid:19c439ca-d31c-4c66-b258-ad26e90e3652,115245246,19c439ca-d31c-4c66-b258-ad26e90e3652,2023-06-05T09:45:22,2023-06-05T09:45:22
2023-06-02T16:16:15.795Z,2023-06-05T07:11:44.280Z,2023-06-03T15:56:00.000Z,Saturday,Western Area,District Agricultural office ,Reception ,No,n/a,n/a,Yes,n/a,Yes,n/a,1,0,10,12,0,Yes,n/a,n/a,16:17:00.000Z,n/a,vh7oZxJjY9MUV4fUUctTBN,uuid:9eb71f9e-57f7-4424-9657-44842f1e982f,115245247,9eb71f9e-57f7-4424-9657-44842f1e982f,2023-06-05T09:45:23,2023-06-05T09:45:23
2023-06-02T16:17:42.502Z,2023-06-05T07:15:57.574Z,2023-06-02T17:17:00.000Z,Saturday,Western Area,District Agricultural office ,Reception ,Yes,Well setup and disable friendly ,To receive visitors ,Yes,n/a,Yes,n/a,1,0,9,6,9,Yes,n/a,n/a,16:41:00.000Z,n/a,vh7oZxJjY9MUV4fUUctTBN,uuid:4785523a-c6d3-471b-b47f-313fdf194c8a,115245248,4785523a-c6d3-471b-b47f-313fdf194c8a,2023-06-05T09:45:24,2023-06-05T09:45:24
2023-06-02T16:18:35.601Z,2023-06-05T07:23:16.096Z,2023-05-31T14:38:00.000Z,Wednesday,Western Area,District Agricultural office ,District Deputy Director Agricultural office ,No,n/a,n/a,Yes,n/a,Yes,n/a,5,3,3,5,0,Yes,n/a,n/a,15:22:00.000Z,n/a,vh7oZxJjY9MUV4fUUctTBN,uuid:7d46230c-f759-438e-8747-2484e6efa030,115245251,7d46230c-f759-438e-8747-2484e6efa030,2023-06-05T09:45:25,2023-06-05T09:45:25
