Start,End,Date Time,Survey Location,Original Agency Name,Agency Name,Emplyee/Visitor,Gender,EM.Title,EM.Women as often as Men,EM.Types of Information,"EM.Under Law, W same F,E,RoS","EM.Seminal F,E,RoS",EM.Additional comments,V.Age,V.Education,V.Accompanied to Agency,V.Difficulty travel to Agency,V.Difficultwhy,V.Experience with Agency,V.Type of Information Sought,V.Information Outcome,V.Information Outcome Explain,"V.Seminal F,E,RoS",V.Seminal Explain,V.Additional Comments,Additional Thoughts,__version__,meta/instanceID,_id,_uuid,_submission_time,_date_modified,_tags
2023-02-14T11:49:43.108Z,2023-02-14T11:56:44.314Z,2023-02-14T12:29:00.000Z,Bo,Bo District Council,Bo District Council,Employee,Male,Gender Officer,Yes,Business Registration,Yes,Yes,We have to increase on women education,n/a,n/a,n/a,n/a,n/a,n/a,n/a,n/a,n/a,n/a,n/a,n/a,n/a,vMGUPxi3FNFRcxCBuan2NE,uuid:98dbfcf9-1aa6-4331-9ca7-1321b1beb2e4,109283260,98dbfcf9-1aa6-4331-9ca7-1321b1beb2e4,2023-02-14T11:56:54,2023-02-14T11:56:54,
2023-02-14T12:16:50.032Z,2023-02-14T12:20:41.872Z,2023-02-14T12:37:00.000Z,Bo,Ministry of Social Welfare ,Ministry of Social Welfare,Employee,Male,Deputy Director ,Yes,The come family mediation information ,Yes,Yes,Women mostly come to our office for information ,n/a,n/a,n/a,n/a,n/a,n/a,n/a,n/a,n/a,n/a,n/a,n/a,n/a,vMGUPxi3FNFRcxCBuan2NE,uuid:5c97fdc3-b3be-45a5-bc34-438be5d0410a,109284230,5c97fdc3-b3be-45a5-bc34-438be5d0410a,2023-02-14T12:20:56,2023-02-14T12:20:56,
2023-02-15T13:24:41.270Z,2023-02-15T13:36:25.104Z,2023-02-15T13:52:00.000Z,Bo,National Social Security and Insurance Trust,National Social Security and Insurance Trust (NASSIT),Visitor,Male,n/a,n/a,n/a,n/a,n/a,n/a,over_55,Secondary Education or Higher,Alone,No,n/a,Nice reception and friendly ,Statement of contribution and update ,Yes,n/a,Yes,n/a,No ,n/a,vMGUPxi3FNFRcxCBuan2NE,uuid:b04f9ba1-bcc6-41ba-90eb-a70ef888018b,109356630,b04f9ba1-bcc6-41ba-90eb-a70ef888018b,2023-02-15T15:42:59,2023-02-15T15:42:59,
2023-02-15T14:22:28.243Z,2023-02-15T14:26:31.760Z,2023-02-15T14:42:00.000Z,Bo,National Revenue Authority ,National Revenue Authority (NRA),Employee,Male,Revenue Officer,Yes,Information related to taxes  base on their business ,Yes,No,Men are more engage in standard business ,n/a,n/a,n/a,n/a,n/a,n/a,n/a,n/a,n/a,n/a,n/a,n/a,n/a,vMGUPxi3FNFRcxCBuan2NE,uuid:d4df0d80-02ac-456b-894f-58f4fc6dab2b,109356634,d4df0d80-02ac-456b-894f-58f4fc6dab2b,2023-02-15T15:42:59,2023-02-15T15:42:59,
2023-02-15T14:29:08.967Z,2023-02-15T14:32:59.876Z,2023-02-15T14:49:00.000Z,Bo,National Revenue Authority ,National Revenue Authority (NRA),Visitor,Female,n/a,n/a,n/a,n/a,n/a,n/a,36_45,Secondary Education or Higher,Alone,No,n/a,Always provide services in time and in friendly manner,"NRA Payment,  Pay  court fees",Yes,n/a,Yes,n/a,No,n/a,vMGUPxi3FNFRcxCBuan2NE,uuid:58ca2d8f-0165-40e1-9f73-9ea98ad79301,109356638,58ca2d8f-0165-40e1-9f73-9ea98ad79301,2023-02-15T15:43:00,2023-02-15T15:43:00,
2023-02-15T14:51:44.199Z,2023-02-15T14:53:31.809Z,2023-02-15T15:11:00.000Z,Bo,Ministry of Lands,Ministry of Land,Employee,Male,Regional Officer,Yes,Information on Land ,Yes,Yes,No,n/a,n/a,n/a,n/a,n/a,n/a,n/a,n/a,n/a,n/a,n/a,n/a,n/a,vMGUPxi3FNFRcxCBuan2NE,uuid:5a13e94d-25c1-474c-a74f-aba30c8e9efb,109356652,5a13e94d-25c1-474c-a74f-aba30c8e9efb,2023-02-15T15:43:02,2023-02-15T15:43:02,
2023-02-15T11:32:11.974Z,2023-02-15T11:37:18.435Z,2023-02-15T11:52:00.000Z,Bo,Ministry of Agriculture,Ministry of Agriculture,Employee,Male,Ministry of Agriculture,Yes,Information about Agriculture farmers support and registration of Famers Base Organization,Yes,Yes,As a ministry we are given more support to women and provide the necessary information to our women farmers,n/a,n/a,n/a,n/a,n/a,n/a,n/a,n/a,n/a,n/a,n/a,n/a,n/a,vMGUPxi3FNFRcxCBuan2NE,uuid:e7d9afe1-b1f0-4e76-a4e1-da4d31d794b9,109356689,e7d9afe1-b1f0-4e76-a4e1-da4d31d794b9,2023-02-15T15:43:10,2023-02-15T15:43:10,
2023-02-15T11:39:46.732Z,2023-02-15T12:35:23.777Z,2023-02-15T12:55:00.000Z,Bo,Human Rights Commission,Human Rights Commission,Employee,Male,Deputy Director,Yes,Mediation information,Yes,Yes,More women are come to our office compared to men,n/a,n/a,n/a,n/a,n/a,n/a,n/a,n/a,n/a,n/a,n/a,n/a,n/a,vMGUPxi3FNFRcxCBuan2NE,uuid:ba42a4c5-0cad-4cf2-91b4-3d950ba432a1,109356692,ba42a4c5-0cad-4cf2-91b4-3d950ba432a1,2023-02-15T15:43:11,2023-02-15T15:43:11,
2023-02-15T13:36:48.860Z,2023-02-15T13:41:42.181Z,2023-02-15T13:56:00.000Z,Bo,National Social Security and Insurance Trust ,National Social Security and Insurance Trust (NASSIT),Visitor,Female,n/a,n/a,n/a,n/a,n/a,n/a,36_45,Secondary Education or Higher,With a Child,No,n/a,Very good reception ,Update my NASSIT,Yes,n/a,Yes,n/a,We are given equally opportunities ,n/a,vMGUPxi3FNFRcxCBuan2NE,uuid:9fc9835a-a210-4b45-b1ed-c5981f33bf33,109356699,9fc9835a-a210-4b45-b1ed-c5981f33bf33,2023-02-15T15:43:12,2023-02-15T15:43:12,
2023-02-15T13:10:08.953Z,2023-02-15T16:05:27.725Z,2023-02-15T14:50:00.000Z,Bo,National Social Security and Insurance Trust,National Social Security and Insurance Trust (NASSIT),Employee,Male,Regional Manager,Yes,"Information about update form and retirement pension
Information based on social insurance principles",Yes,Yes,Here is an open office. Women seek and access information at anytime,n/a,n/a,n/a,n/a,n/a,n/a,n/a,n/a,n/a,n/a,n/a,n/a,n/a,vMGUPxi3FNFRcxCBuan2NE,uuid:8ad4abc6-2d4d-4309-b71d-726058e1b407,109362110,8ad4abc6-2d4d-4309-b71d-726058e1b407,2023-02-15T16:06:02,2023-02-15T16:06:02,
2023-02-16T10:29:22.767Z,2023-02-16T14:26:34.012Z,2023-02-16T09:00:00.000Z,Bo,Ministry of Lands,Ministry of Land,Visitor,Male,n/a,n/a,n/a,n/a,n/a,n/a,36_45,Secondary Education or Higher,Alone,No,n/a,"I'm welcome to everybody, it's not my first time of visiting here. My experience with them is friendly ",Land documents ,Yes,n/a,Yes,n/a,"Women have the Chance to access any  information they seek
 For. Over the years women face difficulties in access information but we thank God for now",n/a,vMGUPxi3FNFRcxCBuan2NE,uuid:4eae9d36-1264-4a82-a213-d22f26113509,109407816,4eae9d36-1264-4a82-a213-d22f26113509,2023-02-16T14:27:05,2023-02-16T14:27:05,
2023-02-07T11:43:10.219Z,2023-02-13T20:44:51.071Z,2023-02-07T12:03:00.000Z,Freetown,"Ministry of Lands, Housing and country planning",Ministry of Lands,Visitor,Male,n/a,n/a,n/a,n/a,n/a,n/a,36_45,Completed Secondary School,Alone,Yes,"I came since 9 am,  I was call on my land issues, yesterday evening, someone said the land belongs to him.","I am still waiting for the ministry to see me, over three hours",To show them my documents,No,I am still waiting,No,"Even me as a man it hard for them to see me, talk less of a woman.",The government officials don't have respect for people.,n/a,vMGUPxi3FNFRcxCBuan2NE,uuid:49e2385f-3cf4-4505-97aa-e74b71e37e00,109416413,49e2385f-3cf4-4505-97aa-e74b71e37e00,2023-02-16T18:48:52,2023-02-16T18:48:52,
2023-02-07T11:54:53.541Z,2023-02-13T20:43:16.586Z,2023-02-07T12:15:00.000Z,Freetown,Ministry of Lands Housing and country planning,Ministry of Lands,Visitor,Male,n/a,n/a,n/a,n/a,n/a,n/a,36_45,Completed Secondary School,Alone,Yes,"When trying to see the Director, I spent  the rest of the day without giving me access.","From what I understood, the schedule of the Director is too tight that he cannot attend to everybody on the same. Therefore, I was referred to come the next day which I am here now and still  waiting for the surveyor.",For the ministry to look into a dispute about our land documents and for them to confirm the rightful owner of the land.,No,I am still waiting on the Director and Surveyor to respond to my visit and settle out.,Yes,n/a,Time frame of attending to issues is very slow. What is expected to respond to within a day or two takes about six months.,n/a,vMGUPxi3FNFRcxCBuan2NE,uuid:5140e23b-9d45-4fbe-936f-369215cc77c6,109416414,5140e23b-9d45-4fbe-936f-369215cc77c6,2023-02-16T18:48:53,2023-02-16T18:48:53,
2023-02-07T12:18:46.747Z,2023-02-13T20:48:31.889Z,2023-02-07T13:39:00.000Z,Freetown,Ministry of Lands Housing and country planning,Ministry of Lands,Visitor,Male,n/a,n/a,n/a,n/a,n/a,n/a,36_45,Completed Secondary School,With a Man,No,n/a,It has been difficult and stressful.,Land plan,No,They said they haven't finished working on it.,Yes,n/a,The Ministry should always put it's client as an interest.,n/a,vMGUPxi3FNFRcxCBuan2NE,uuid:f4c865d4-8d20-4769-a651-82fefcc7f3ab,109416416,f4c865d4-8d20-4769-a651-82fefcc7f3ab,2023-02-16T18:48:53,2023-02-16T18:48:53,
2023-02-08T10:23:18.175Z,2023-02-13T20:42:56.517Z,2023-02-08T10:44:00.000Z,Freetown,Lands Housing and Country planning,Ministry of Planning,Visitor,Male,n/a,n/a,n/a,n/a,n/a,n/a,26_35,Secondary Education or Higher,Alone,No,n/a,I don't face no problem on my way,Confrontation of my documents,No,I am still waiting for the person I came to.,No,It depends on the way the women appeared at the office.,"I don't know about access to information, because it's not working for people.",n/a,vMGUPxi3FNFRcxCBuan2NE,uuid:03c16b9c-69fc-4701-954f-32b1080c6f22,109416417,03c16b9c-69fc-4701-954f-32b1080c6f22,2023-02-16T18:48:54,2023-02-16T18:48:54,
2023-02-08T10:46:16.415Z,2023-02-13T20:41:06.531Z,2023-02-08T11:06:00.000Z,Freetown,Lands Housing and country planning,Ministry of Planning,Visitor,Male,n/a,n/a,n/a,n/a,n/a,n/a,46_55,No Education,With a Man,Yes,"From my village to Town I spent sixty Leone, I have been coming for the past two weeks, only today I was attended to, and asked to come on the next Friday for my land documents.","My experience dealing with government office is not good, the government officials don't have respect for people or time.","To give me my land documents, including my  plan.",No,I was asked to come on Friday.,No,Some women don't have all this time to go and come all the time.,I want the government officials to do their work on time.,n/a,vMGUPxi3FNFRcxCBuan2NE,uuid:a1f81599-f9b1-4759-b1a9-6cae44b657d7,109416418,a1f81599-f9b1-4759-b1a9-6cae44b657d7,2023-02-16T18:48:54,2023-02-16T18:48:54,
2023-02-08T10:56:51.313Z,2023-02-13T20:39:00.765Z,2023-02-08T11:17:00.000Z,Freetown,Lands Housing and country planning,Ministry of Planning,Visitor,Female,n/a,n/a,n/a,n/a,n/a,n/a,36_45,No Education,With a Women,Yes,"My brother was working in this lands ministry, he was removed on the job, he was the one who was helping with the land documents, since then I have been coming for my documents, I had spent over twenty thousand Leones.",They asked to go and come at the end of the month for the documents which is money and time wasting.,Land documents,No,The they have referred me to the end of the month.,No,"I don't know about access to right to information, the lands ministry know about access to information? Because they are not behaving like they know",Please tell the land ministry about access to information.,n/a,vMGUPxi3FNFRcxCBuan2NE,uuid:43d9e5fd-bf2e-4f74-9b2f-b7fc8b4d58bf,109416419,43d9e5fd-bf2e-4f74-9b2f-b7fc8b4d58bf,2023-02-16T18:48:55,2023-02-16T18:48:55,
2023-02-08T11:06:19.654Z,2023-02-13T20:35:54.856Z,2023-02-08T11:26:00.000Z,Freetown,Ministry of Agriculture and forestry,Ministry of Agriculture,Visitor,Female,n/a,n/a,n/a,n/a,n/a,n/a,46_55,No Education,With a Women,No,n/a,It's not easy to get what you want from government.,"I want seed to plant , but everytime I come the Director is busy, and the Permanent Secretary is always busy.",Yes,n/a,No,"If you give the security money she will get what you want, so whenever I want to come I find something for her.",No,n/a,vMGUPxi3FNFRcxCBuan2NE,uuid:b5d36158-6b05-45d8-b051-746d5f23b8c9,109416420,b5d36158-6b05-45d8-b051-746d5f23b8c9,2023-02-16T18:48:55,2023-02-16T18:48:55,
2023-02-08T11:15:15.814Z,2023-02-13T20:34:09.513Z,2023-02-08T11:39:00.000Z,Freetown,Ministry of Agriculture and forestry,Ministry of Agriculture,Visitor,Male,n/a,n/a,n/a,n/a,n/a,n/a,26_35,Attended Primary School,With a Man,No,n/a,"Today is the first time to come, I didn't get any difficulty.",I am still waiting,No,The security said I should wait,Yes,n/a,If they know what they want and who to meet.,n/a,vMGUPxi3FNFRcxCBuan2NE,uuid:82c27d50-cda0-4add-84cf-d0eea46ab624,109416421,82c27d50-cda0-4add-84cf-d0eea46ab624,2023-02-16T18:48:56,2023-02-16T18:48:56,
2023-02-08T11:43:53.705Z,2023-02-13T20:30:43.707Z,2023-02-08T12:03:00.000Z,Freetown,Ministry of Trade and industry,Ministry of Trade and Industry,Visitor,Male,n/a,n/a,n/a,n/a,n/a,n/a,46_55,Completed Primary School,As a Group,Yes,Transportation and the time we left from  Moyamba  to Freetown for the appointment was very difficult.,"I am hoping to see the Permanent Secretary, we have an appointment. I called him before I came but he is now in a meeting which will last till 4pm and I didn't planned to spend a night here.","I did business registration, I am waiting for the  license.",No,I am waiting for the Permanent Secretary and the minister and they are not yet in the Office.,Yes,n/a,"As you see we were sleeping, because we are tired of waiting.",http://classic.ona.io/api/v1/files/31764143?filename=michaelbaldassaro/attachments/720196_aetgWqcqNooANgfHJP383C/1675857999017.m4a,vMGUPxi3FNFRcxCBuan2NE,uuid:912517fe-5c83-43fc-aab8-f799ffbb4044,109416422,912517fe-5c83-43fc-aab8-f799ffbb4044,2023-02-16T18:48:58,2023-02-16T18:48:58,
2023-02-08T12:38:15.923Z,2023-02-13T20:25:01.520Z,2023-02-08T12:38:00.000Z,Freetown,Ministry of trade and industry,Ministry of Trade and Industry,Visitor,Male,n/a,n/a,n/a,n/a,n/a,n/a,46_55,No Education,As a Group,Yes,"Especially when traveling from Moyamba where I live, the distance and the road and also at the ministry here. I am not used to climbing long steps which I find difficult.","It's somehow difficult, because we have been on this for almost a week now.",To get license for operation. We are about to establish a factory for the production of cooking oil.,No,We are still waiting on the Permanent secretary to arrive.,Yes,n/a,Women should be encouraged to visit these government offices to access information as it is their rights.,n/a,vMGUPxi3FNFRcxCBuan2NE,uuid:290e5281-1c44-47b1-9266-79cff40fb12a,109416423,290e5281-1c44-47b1-9266-79cff40fb12a,2023-02-16T18:48:59,2023-02-16T18:48:59,
2023-02-08T14:07:37.439Z,2023-02-13T20:24:42.412Z,2023-02-08T14:47:00.000Z,Freetown,Ministry of Lands Housing and country planning,Ministry of Lands,Visitor,Male,n/a,n/a,n/a,n/a,n/a,n/a,36_45,Secondary Education or Higher,Alone,Yes,"I faced difficulty on me way getting here, transportation.","Very difficult in dealing with, especially accessing the document I came for (master plan and building permit).",Building permit and Master plan.,No,"I came the last time and they referred me to come today, I have come and they said the man in charge of it is not around and I should wait for him.",Yes,n/a,"The system of the office work should be changed, their should be a system where the director and deputy director should be signing the same documents, this is because the schedule of the director is very busy.",n/a,vMGUPxi3FNFRcxCBuan2NE,uuid:2288ede9-fb45-4e57-8e81-ed971109379d,109416424,2288ede9-fb45-4e57-8e81-ed971109379d,2023-02-16T18:49:00,2023-02-16T18:49:00,
2023-02-08T14:17:28.626Z,2023-02-13T20:24:07.691Z,2023-02-08T14:23:00.000Z,Freetown,Ministry of Lands Housing and country planning,Ministry of Lands,Visitor,Male,n/a,n/a,n/a,n/a,n/a,n/a,46_55,Secondary Education or Higher,Alone,Yes,It was difficult in dealing with the transportation issue.,"I had a bad experience, especially in the reception.",Building permit,No,"The man in charge is not in his office, I am waiting on him.",Yes,n/a,Government should embark on making information more open to the public.,n/a,vMGUPxi3FNFRcxCBuan2NE,uuid:437dde02-90a3-437d-b128-9f656465d269,109416425,437dde02-90a3-437d-b128-9f656465d269,2023-02-16T18:49:00,2023-02-16T18:49:00,
2023-02-08T14:32:51.575Z,2023-02-13T20:22:05.353Z,2023-02-08T14:52:00.000Z,Freetown,Ministry of trade and industry,Ministry of Trade and Industry,Visitor,Male,n/a,n/a,n/a,n/a,n/a,n/a,36_45,Secondary Education or Higher,Alone,No,n/a,My experience have been good so far.,Agricultural guadiance.,Yes,n/a,Yes,n/a,"Women are more influencial in getting information than men, this should be encouraged in every other institution and it should be partial.",n/a,vMGUPxi3FNFRcxCBuan2NE,uuid:f979869b-a3cb-48f3-863c-b5769aed5d0a,109416426,f979869b-a3cb-48f3-863c-b5769aed5d0a,2023-02-16T18:49:01,2023-02-16T18:49:01,
2023-02-08T14:38:08.830Z,2023-02-13T20:18:16.342Z,2023-02-08T14:58:00.000Z,Freetown,Ministry Agriculture and forestry,Ministry of Agriculture,Visitor,Male,n/a,n/a,n/a,n/a,n/a,n/a,46_55,Secondary Education or Higher,Alone,Yes,Transportation is the key difficulty I experienced. ,"I have been here for four times to get the seedling that I paid for, anytime I come they will say the Permanent secretary is not in his office, today again I am here and is the same story.",I am here to collect my rice seedlings.,No,I am still waiting for the Permanent Secretary to come.,Yes,n/a,The structure of this ministry including the division of Labour should be readjusted.,n/a,vMGUPxi3FNFRcxCBuan2NE,uuid:57cf5387-8aa0-4be2-a993-f71c7c45d536,109416427,57cf5387-8aa0-4be2-a993-f71c7c45d536,2023-02-16T18:49:01,2023-02-16T18:49:01,
2023-02-08T14:50:36.304Z,2023-02-13T20:12:44.950Z,2023-02-08T13:50:00.000Z,Freetown,Ministry of Agriculture and forestry,Ministry of Agriculture,Visitor,Male,n/a,n/a,n/a,n/a,n/a,n/a,36_45,Completed Secondary School,Alone,Yes,Difficulty was experienced in the issue of onboarding vehicle to this place.,"Difficult, it is difficult to access  information anytime I am here.",Farming license/permit.,No,Because the Permanent secretary is not around,Yes,n/a,Visitors should be a priority to the worker .,n/a,vMGUPxi3FNFRcxCBuan2NE,uuid:550671ac-24ae-4827-ab74-13316b5e3e53,109416428,550671ac-24ae-4827-ab74-13316b5e3e53,2023-02-16T18:49:02,2023-02-16T18:49:02,
2023-02-08T15:06:10.194Z,2023-02-13T20:12:13.688Z,2023-02-08T15:47:00.000Z,Freetown,Ministry of Labor and country planning,Ministry of Labor,Visitor,Male,n/a,n/a,n/a,n/a,n/a,n/a,over_55,Secondary Education or Higher,Alone,No,n/a,The relationship between this ministry and I have been good so far.,Business activities,Yes,n/a,Yes,n/a,"At certain times, I do face difficulty in accessing certain information.",n/a,vMGUPxi3FNFRcxCBuan2NE,uuid:80eb1805-510b-417a-b2b4-6df736f4e3c5,109416429,80eb1805-510b-417a-b2b4-6df736f4e3c5,2023-02-16T18:49:02,2023-02-16T18:49:02,
2023-02-09T10:09:56.206Z,2023-02-13T20:11:36.521Z,2023-02-09T10:08:00.000Z,Freetown,Ministry of mines and mineral resources,Ministry of Mines,Visitor,Male,n/a,n/a,n/a,n/a,n/a,n/a,46_55,Secondary Education or Higher,Alone,No,n/a,The government officials are always making excuses to talk to people which is a bad experience for me.,It's a parsonal information.,No,"The minister is not in his office yet, I am waiting on him.",No,"We are treated the same, the public sector is hard to give information out, I don't know why they are doing that.",No,n/a,vMGUPxi3FNFRcxCBuan2NE,uuid:f8ac7e81-29ca-45b1-a693-5c0cb18b9ec5,109416430,f8ac7e81-29ca-45b1-a693-5c0cb18b9ec5,2023-02-16T18:49:03,2023-02-16T18:49:03,
2023-02-09T13:48:15.371Z,2023-02-13T20:09:25.865Z,2023-02-09T15:28:00.000Z,Freetown,Ministry of Agriculture and Forestry,Ministry of Agriculture,Visitor,Male,n/a,n/a,n/a,n/a,n/a,n/a,46_55,Attended Primary School,Alone,Yes,"I came to see the Permanent Secretary but not around. I came from a long distance, I have to go back. He came and met me here but didn't attend to me and he went to attend a meeting.","It's hard to see the minister or the Permanent Secretary. Even when I have an appointment with them, sometimes I wil come l and go without seeing them and I am spending time and money to come and go.","We have a project call X officer, we need a support from the ministry, we have a small farm, we need seeds for the farm.",No,"We need seeds for our farm, but they refused to attend to we. We have been coming for the past two months.",No,"It's more easy for women than men, because they are woman and are given the priority.","Sometimes because of the political background, you can't t get the support you expected to get.",n/a,vMGUPxi3FNFRcxCBuan2NE,uuid:5bbee693-6fe2-4049-92ab-a8352036a19f,109416431,5bbee693-6fe2-4049-92ab-a8352036a19f,2023-02-16T18:49:04,2023-02-16T18:49:04,
2023-02-13T09:39:15.741Z,2023-02-13T09:52:04.210Z,2023-02-13T09:40:00.000Z,Freetown,Ministry of Labour and Social Security ,Ministry of Labor,Visitor,Male,n/a,n/a,n/a,n/a,n/a,n/a,46_55,Completed Secondary School,Alone,Yes,"As the starting day of the week (Monday), it was very difficult to onboard vehicle to get here.","It is very difficult. The office is not having any sign board to describe or make it easy for location, this pose it difficult to deal with them.",To enquire about the labour migration management document.,Yes,n/a,Yes,n/a,Sign boards indicating the location of every ministry should be put up to avoid constrains by clients when visiting.,n/a,vMGUPxi3FNFRcxCBuan2NE,uuid:2f8896a6-6712-4733-a641-a64a32fe1c15,109416432,2f8896a6-6712-4733-a641-a64a32fe1c15,2023-02-16T18:49:05,2023-02-16T18:49:05,
2023-02-13T10:44:15.539Z,2023-02-13T10:49:44.926Z,2023-02-13T10:24:00.000Z,Freetown,Ministry of Labour and Social Security ,Ministry of Labor,Employee,Male,Office Assistant ,Yes,Enquiry for employment Gazette and payment of benefits.,Yes,Yes,Women should be encouraged to enquire for information. Women accessing information will help in country building.,n/a,n/a,n/a,n/a,n/a,n/a,n/a,n/a,n/a,n/a,n/a,n/a,n/a,vMGUPxi3FNFRcxCBuan2NE,uuid:5d150eaf-e220-49fc-a0ec-0216ce661d50,109416434,5d150eaf-e220-49fc-a0ec-0216ce661d50,2023-02-16T18:49:06,2023-02-16T18:49:06,
2023-02-13T10:52:27.861Z,2023-02-13T11:03:31.955Z,2023-02-13T09:50:00.000Z,Freetown,Ministry of Labour and Social Security ,Ministry of Labor,Visitor,Male,n/a,n/a,n/a,n/a,n/a,n/a,46_55,Completed Secondary School,Alone,No,n/a,"The ministry is doing well in terms of doing their job, but they are slow in action.",Complainant about service.,No,"Am waiting on the ministry to take their steps, or direct me on what to do next ",Yes,n/a,"As a complainant, I always listen and take their instructions. they should improve on the rate of their actions.",n/a,vMGUPxi3FNFRcxCBuan2NE,uuid:111b48ab-959f-4ba7-a823-6a2453ae7829,109416435,111b48ab-959f-4ba7-a823-6a2453ae7829,2023-02-16T18:49:06,2023-02-16T18:49:06,
2023-02-13T11:15:46.979Z,2023-02-13T11:21:19.282Z,2023-02-13T11:16:00.000Z,Freetown,Ministry of Labour and Social Security ,Ministry of Labor,Visitor,Male,n/a,n/a,n/a,n/a,n/a,n/a,26_35,Vocational Training,With a Man,No,n/a,Difficult ,Labour card,No,They said they are having problem with their power supply.,Yes,n/a,Effective and sustainable power supply and maintenance should be done at least twice every week to ensure good proper functioning ministries. The ministry should also know that they are working for the public.,n/a,vMGUPxi3FNFRcxCBuan2NE,uuid:333558f0-ad06-4069-a719-d48656a32971,109416437,333558f0-ad06-4069-a719-d48656a32971,2023-02-16T18:49:08,2023-02-16T18:49:08,
2023-02-14T09:22:08.006Z,2023-02-14T09:42:17.770Z,2023-02-14T09:30:00.000Z,Freetown,Ministry of Labour and Social Security,Ministry of Labor,Visitor,Male,n/a,n/a,n/a,n/a,n/a,n/a,36_45,Completed Secondary School,With a Women,Yes,The difficulties where on the transportation and also locating the Office.,It has been a little bit better for now,Labour card,No,"They said they are busy for now and they have no power for now, so I should wait on them.",Yes,n/a,More women should be encouraged to take part when it comes to electioneering process to be able to represent others.,n/a,vMGUPxi3FNFRcxCBuan2NE,uuid:5e6df7a2-038b-44b7-92ba-a642aae8b36c,109416440,5e6df7a2-038b-44b7-92ba-a642aae8b36c,2023-02-16T18:49:10,2023-02-16T18:49:10,
2023-02-14T09:46:12.576Z,2023-02-14T09:52:57.030Z,2023-02-14T08:46:00.000Z,Freetown,Ministry of Labour and Social Security ,Ministry of Labor,Visitor,Female,n/a,n/a,n/a,n/a,n/a,n/a,46_55,Completed Secondary School,With a Man,Yes,"I find it difficult from moving from Kono to here, as this is my first time of coming here.","It has been not too difficult, as this is my first contact with them.",To enquire for labour permit.,No,We are still enquiring.,Yes,n/a,No,n/a,vMGUPxi3FNFRcxCBuan2NE,uuid:b3a10ad8-1fd8-4289-9a8b-6de4f416d426,109416441,b3a10ad8-1fd8-4289-9a8b-6de4f416d426,2023-02-16T18:49:10,2023-02-16T18:49:10,
2023-02-14T12:47:08.284Z,2023-02-14T12:53:06.368Z,2023-02-14T13:08:00.000Z,Freetown,Ministry of Social Welfare ,Ministry of Social Welfare,Visitor,Female,n/a,n/a,n/a,n/a,n/a,n/a,36_45,Completed Secondary School,With a Child,No,n/a,It has been good so far,About reporting on my husband who has abandoned my child.,Yes,n/a,Yes,n/a,Women affairs should be continued to be treated well as I experienced today.,http://classic.ona.io/api/v1/files/31764148?filename=michaelbaldassaro/attachments/720196_aetgWqcqNooANgfHJP383C/1676379182440.m4a,vMGUPxi3FNFRcxCBuan2NE,uuid:795b6cbf-27cc-42cc-9dfc-eb44fe2d48ad,109416443,795b6cbf-27cc-42cc-9dfc-eb44fe2d48ad,2023-02-16T18:49:12,2023-02-16T18:49:12,
2023-02-14T12:59:16.032Z,2023-02-15T21:18:44.650Z,2023-02-14T13:39:00.000Z,Freetown,Ministry of Social Welfare,Ministry of Social Welfare,Visitor,Male,n/a,n/a,n/a,n/a,n/a,n/a,36_45,Attended Primary School,As a Group,No,n/a,It has been nice for now ,To report on my missing child who they said was last seen with her Aunty.,Yes,n/a,Yes,n/a,Government should continue to empower this ministry to continue to do their good job ,n/a,vMGUPxi3FNFRcxCBuan2NE,uuid:74c46f76-f7c4-4b2d-8b5f-4f365a6b42f7,109416444,74c46f76-f7c4-4b2d-8b5f-4f365a6b42f7,2023-02-16T18:49:13,2023-02-16T18:49:13,
2023-02-14T12:59:58.199Z,2023-02-15T22:11:13.743Z,2023-02-14T13:40:00.000Z,Freetown,Ministry of Social Welfare,Ministry of Social Welfare,Visitor,Male,n/a,n/a,n/a,n/a,n/a,n/a,46_55,Vocational Training,Alone,Yes,I got difficulty in locating the Office ,Bad,It is personal.,No,Waiting the one in charge of it.,Yes,n/a,Government should locate all it's offices in one building for easy access.,n/a,vMGUPxi3FNFRcxCBuan2NE,uuid:605141f2-066e-459f-89a4-499408c2f3d9,109416446,605141f2-066e-459f-89a4-499408c2f3d9,2023-02-16T18:49:14,2023-02-16T18:49:14,
2023-02-16T11:18:37.279Z,2023-02-16T12:01:27.747Z,2023-02-16T11:39:00.000Z,Freetown,Freetown City Council,Freetown City Council,Visitor,Male,n/a,n/a,n/a,n/a,n/a,n/a,26_35,Secondary Education or Higher,Alone,Yes,"I had a difficult with the lift, since I am not used to it and this is my first time.",Difficult. I came here earlier today to be attended to but the attitude of the workers towards me was very unethical.,To pay for My Office city rate.,Yes,n/a,Yes,n/a,Government should structure the system in which it's offices work to enhance smooth running.,n/a,vMGUPxi3FNFRcxCBuan2NE,uuid:46a2cf49-78a4-4d9f-bead-62a582d4ebae,109416447,46a2cf49-78a4-4d9f-bead-62a582d4ebae,2023-02-16T18:49:14,2023-02-16T18:49:14,
2023-02-16T11:25:02.794Z,2023-02-16T12:02:19.243Z,2023-02-16T11:48:00.000Z,Freetown,Freetown City Council,Freetown City Council,Visitor,Female,n/a,n/a,n/a,n/a,n/a,n/a,36_45,Completed Secondary School,With a Women,No,n/a,My experience for now have been good. They have been attending to me well.,Payment for my shop.,Yes,n/a,Yes,n/a,Let the city council continue it's good work and women should also know that it is their rights to visit any government offices for information.,n/a,vMGUPxi3FNFRcxCBuan2NE,uuid:31c5d5bc-aeaf-483b-a157-f8a3718359cd,109416448,31c5d5bc-aeaf-483b-a157-f8a3718359cd,2023-02-16T18:49:15,2023-02-16T18:49:15,
2023-02-17T12:15:26.089Z,2023-02-17T12:20:31.828Z,2023-02-17T11:35:00.000Z,Kallahun,Ministry of Agriculture ,Ministry of Agriculture,Employee,Male,District Engineer ,Yes,Extension service ,Yes,Yes,Empowerment of women to occupied the office and to encourage them to be part of Agriculture ,n/a,n/a,n/a,n/a,n/a,n/a,n/a,n/a,n/a,n/a,n/a,n/a,n/a,vMGUPxi3FNFRcxCBuan2NE,uuid:de15c6d1-6834-4003-bddc-23000413201d,109438294,de15c6d1-6834-4003-bddc-23000413201d,2023-02-17T12:20:40,2023-02-17T12:20:40,
2023-02-06T16:30:18.870Z,2023-02-17T12:57:01.322Z,2023-02-06T17:10:00.000Z,Port Loko,Magistrate Court,Magistrate Court,Visitor,Female,n/a,n/a,n/a,n/a,n/a,n/a,18_25,Completed Primary School,Alone,No,n/a,Protocols,About the killing Case of My uncle,Yes,n/a,No,Different,No,n/a,vMGUPxi3FNFRcxCBuan2NE,uuid:5c930d29-278b-44e0-8e74-d218a5d4efb4,109441301,5c930d29-278b-44e0-8e74-d218a5d4efb4,2023-02-17T13:46:17,2023-02-17T13:46:17,
2023-02-06T16:32:09.412Z,2023-02-17T13:11:48.581Z,2023-02-09T19:49:00.000Z,Port Loko,Land's,Ministry of Lands,Visitor,Female,n/a,n/a,n/a,n/a,n/a,n/a,18_25,Completed Secondary School,As a Group,No,n/a,Not supportive in giving outside information,Job opportunities,Yes,n/a,Yes,n/a,No,n/a,vMGUPxi3FNFRcxCBuan2NE,uuid:ad1a7563-635a-4f50-8086-61c74bb386f1,109441302,ad1a7563-635a-4f50-8086-61c74bb386f1,2023-02-17T13:46:18,2023-02-17T13:46:18,
2023-02-06T16:39:52.618Z,2023-02-17T13:11:17.529Z,2023-02-06T17:19:00.000Z,Port Loko,EDUCATION OFFICE,Ministry of Education,Employee,Male,IT Officer,Yes,For job,Yes,Yes,No,n/a,n/a,n/a,n/a,n/a,n/a,n/a,n/a,n/a,n/a,n/a,n/a,n/a,vMGUPxi3FNFRcxCBuan2NE,uuid:8628e226-8a4f-442a-a2fc-9b5f9eda161c,109441303,8628e226-8a4f-442a-a2fc-9b5f9eda161c,2023-02-17T13:46:18,2023-02-17T13:46:18,
2023-02-06T16:41:34.028Z,2023-02-17T13:13:58.339Z,2023-02-07T15:20:00.000Z,Port Loko,Ministry of Social Welfare,Ministry of Social Welfare,Employee,Male,Secretary,Yes,Job Opportunities ,Yes,Yes,No,n/a,n/a,n/a,n/a,n/a,n/a,n/a,n/a,n/a,n/a,n/a,n/a,n/a,vMGUPxi3FNFRcxCBuan2NE,uuid:0d76cf20-2b6b-4889-8a59-b5dd9ccdf4ff,109441306,0d76cf20-2b6b-4889-8a59-b5dd9ccdf4ff,2023-02-17T13:46:19,2023-02-17T13:46:19,
2023-02-06T16:45:46.691Z,2023-02-17T13:15:41.012Z,n/a,Port Loko,Port Loko District Council,Port Loko District Council,Employee,Female,Gender Officer,Yes,For Vacancy purpose,Yes,Yes,No,n/a,n/a,n/a,n/a,n/a,n/a,n/a,n/a,n/a,n/a,n/a,n/a,n/a,vMGUPxi3FNFRcxCBuan2NE,uuid:b872f508-f7d6-4133-a236-ecbbb7a05cf6,109441307,b872f508-f7d6-4133-a236-ecbbb7a05cf6,2023-02-17T13:46:19,2023-02-17T13:46:19,
2023-02-06T17:10:23.241Z,2023-02-17T13:30:39.340Z,2023-02-06T18:33:00.000Z,Port Loko,Human Rights Commission of Sierra Leone.{HRCSL},Human Rights Commission,Visitor,Female,n/a,n/a,n/a,n/a,n/a,n/a,18_25,Vocational Training,Alone,No,n/a,Supportive in Protection and promoting human Rights issues ,About the Sexual Gender Base Violence {SGBV}New Act ,Yes,n/a,Yes,n/a,No,n/a,vMGUPxi3FNFRcxCBuan2NE,uuid:b20cfadc-02d6-470b-bb17-c441438435b1,109441308,b20cfadc-02d6-470b-bb17-c441438435b1,2023-02-17T13:46:20,2023-02-17T13:46:20,
2023-02-06T19:03:07.718Z,2023-02-17T13:43:33.508Z,2023-02-06T22:03:00.000Z,Port Loko,Port Loko City council ,Port Loko City Council,Employee,Male,Procurement officer,No,Mostly job vacancy and some how the procurement of materials and other facilities are procured ,No,Yes,Information is power ,n/a,n/a,n/a,n/a,n/a,n/a,n/a,n/a,n/a,n/a,n/a,n/a,n/a,vMGUPxi3FNFRcxCBuan2NE,uuid:64df3c8d-2e82-4230-8188-8e860f78eeb1,109441309,64df3c8d-2e82-4230-8188-8e860f78eeb1,2023-02-17T13:46:21,2023-02-17T13:46:21,
2023-02-07T12:39:57.031Z,2023-02-17T14:03:01.405Z,2023-02-07T14:00:00.000Z,Port Loko,District health Management Team {DHMT},District Health Management Team (DHMT),Employee,Male,Secretary,Yes,For job,Yes,Yes,No,n/a,n/a,n/a,n/a,n/a,n/a,n/a,n/a,n/a,n/a,n/a,n/a,n/a,vMGUPxi3FNFRcxCBuan2NE,uuid:44edd4d5-762e-449f-835e-3d5d75679b6a,109441844,44edd4d5-762e-449f-835e-3d5d75679b6a,2023-02-17T14:03:18,2023-02-17T14:03:18,
2023-02-07T12:48:47.349Z,2023-02-17T13:59:42.009Z,2023-02-07T13:29:00.000Z,Port Loko,Ministry of Agriculture ,Ministry of Agriculture,Employee,Male,Crop officer ,Yes,About the fertilizer loan and machine ,Yes,Yes,Public Information must be equally important to both men and women in society ,n/a,n/a,n/a,n/a,n/a,n/a,n/a,n/a,n/a,n/a,n/a,n/a,n/a,vMGUPxi3FNFRcxCBuan2NE,uuid:1922e3fa-fcbf-4727-976e-836fbb884f45,109441845,1922e3fa-fcbf-4727-976e-836fbb884f45,2023-02-17T14:03:19,2023-02-17T14:03:19,
2023-02-07T12:51:40.281Z,2023-02-17T13:54:23.413Z,2023-02-07T13:11:00.000Z,Port Loko,n/a,n/a,Visitor,Female,n/a,n/a,n/a,n/a,n/a,n/a,18_25,Completed Secondary School,With a Women,No,n/a,Not much difficult protocols,Government Granting Aid,Yes,n/a,Yes,n/a,Polite when you are seeking for information,n/a,vMGUPxi3FNFRcxCBuan2NE,uuid:aa210c3a-b841-4aad-8599-76cf1d073ba9,109441846,aa210c3a-b841-4aad-8599-76cf1d073ba9,2023-02-17T14:03:19,2023-02-17T14:03:19,
2023-02-07T12:56:45.473Z,2023-02-17T13:50:16.435Z,2023-02-07T13:16:00.000Z,Port Loko,n/a,n/a,Visitor,Male,n/a,n/a,n/a,n/a,n/a,n/a,36_45,Secondary Education or Higher,As a Group,No,n/a,Nice and accommodative,Registration of our Group,Yes,n/a,Yes,n/a,No,n/a,vMGUPxi3FNFRcxCBuan2NE,uuid:19f109bf-c788-489d-b763-eadfc67fb461,109441847,19f109bf-c788-489d-b763-eadfc67fb461,2023-02-17T14:03:19,2023-02-17T14:03:19,
2023-02-18T11:57:14.097Z,2023-02-18T12:04:07.141Z,2023-02-18T11:18:00.000Z,Kallahun,Kailahun police station ,Kallahun Police Station,Employee,Male,General duty Man ,Yes,To know the correct time for the Curt to meet ,Yes,Yes,They come to visit their family members or come to report cases ,n/a,n/a,n/a,n/a,n/a,n/a,n/a,n/a,n/a,n/a,n/a,n/a,n/a,vMGUPxi3FNFRcxCBuan2NE,uuid:cba87b76-4bee-4a72-9ecc-76b8e3c5d552,109462673,cba87b76-4bee-4a72-9ecc-76b8e3c5d552,2023-02-18T12:04:15,2023-02-18T12:04:15,
2023-02-18T12:04:44.401Z,2023-02-18T12:11:39.588Z,2023-02-18T12:00:00.000Z,Kallahun,Kailahun police station ,Kallahun Police Station,Visitor,Female,n/a,n/a,n/a,n/a,n/a,n/a,18_25,Completed Secondary School,Alone,No,n/a,What I came for was done very easily ,I came to visit my brother who is in the hands of the police ,Yes,n/a,Yes,n/a,No,n/a,vMGUPxi3FNFRcxCBuan2NE,uuid:36e38c0e-2a96-4713-9087-004d6cd29024,109462798,36e38c0e-2a96-4713-9087-004d6cd29024,2023-02-18T12:11:46,2023-02-18T12:11:46,
2023-02-18T12:12:26.204Z,2023-02-18T12:18:27.283Z,2023-02-18T12:32:00.000Z,Kallahun,Police station ,Kallahun Police Station,Visitor,Male,n/a,n/a,n/a,n/a,n/a,n/a,26_35,Completed Secondary School,With a Man,No,n/a,My experience is that the give us tough time to get what we want ,We came to take clearance from the police for our program to be successful ,Yes,n/a,Yes,n/a,Their is a great right for women to get access to information ,n/a,vMGUPxi3FNFRcxCBuan2NE,uuid:0f83ba39-7b82-4751-96f2-66c8261ca6dc,109462957,0f83ba39-7b82-4751-96f2-66c8261ca6dc,2023-02-18T12:18:34,2023-02-18T12:18:34,
2023-02-20T17:01:13.500Z,2023-02-20T17:05:11.413Z,2023-02-20T14:20:00.000Z,Kallahun,District council ,Kallahun Distrcit Council,Employee,Male,Assistance Engineer,Yes,"For establishment of business
Some are sector head ",Yes,Yes,No barrier of accessing information from the office ,n/a,n/a,n/a,n/a,n/a,n/a,n/a,n/a,n/a,n/a,n/a,n/a,n/a,vMGUPxi3FNFRcxCBuan2NE,uuid:3658b098-c13b-4a0d-a72e-db935cb63fa0,109539050,3658b098-c13b-4a0d-a72e-db935cb63fa0,2023-02-20T17:27:23,2023-02-20T17:27:23,
2023-03-03T13:17:53.202Z,2023-03-03T17:54:56.202Z,2023-03-03T13:18:00.000Z,Port Loko,World Food Program {WFP},World Food Program (WFP),Employee,Male,Human Resources Manager {HR},Yes,Mostly job vacancy,Yes,Yes,When you give out information that is pertaining to the public you clear doubt,n/a,n/a,n/a,n/a,n/a,n/a,n/a,n/a,n/a,n/a,n/a,n/a,n/a,vMGUPxi3FNFRcxCBuan2NE,uuid:79383483-cb55-4f5f-8a9f-bd428990ed95,110107189,79383483-cb55-4f5f-8a9f-bd428990ed95,2023-03-03T18:02:19,2023-03-03T18:02:19,
2023-02-20T12:59:05.279Z,2023-03-16T12:45:49.391Z,2023-02-13T13:42:00.000Z,Western Area,Magistrate Court/Waterloo,Magistrate Court,Employee,Female,Inspector,Yes,Legal assistants,Yes,Yes,Women should be visiting Court sitting to understand justice system to build their confidence,n/a,n/a,n/a,n/a,n/a,n/a,n/a,n/a,n/a,n/a,n/a,n/a,n/a,vMGUPxi3FNFRcxCBuan2NE,uuid:8ff57a49-b785-4676-971b-cc9b14389793,110944883,8ff57a49-b785-4676-971b-cc9b14389793,2023-03-16T12:51:20,2023-03-16T12:51:20,
2023-02-27T12:53:31.018Z,2023-03-16T12:39:40.693Z,2023-02-23T13:35:00.000Z,Western Area,Social Welfare,Ministry of Social Welfare,Employee,Female,Social worker,Yes,"Child maintenance, Domestic violence and Marital affairs",Yes,Yes,Government officials should assist women to access information needed,n/a,n/a,n/a,n/a,n/a,n/a,n/a,n/a,n/a,n/a,n/a,n/a,n/a,vMGUPxi3FNFRcxCBuan2NE,uuid:51a88f21-56a9-48d7-9e7f-ee2e0907364b,110944889,51a88f21-56a9-48d7-9e7f-ee2e0907364b,2023-03-16T12:51:23,2023-03-16T12:51:23,
2023-02-27T13:02:08.904Z,2023-03-16T12:38:43.154Z,2023-02-23T14:30:00.000Z,Western Area,Ministry of Social Welfare and children affairs,Ministry of Social Welfare,Visitor,Female,n/a,n/a,n/a,n/a,n/a,n/a,26_35,Completed Secondary School,Alone,No,n/a,The office is hostile and staff are more friendly ,Child maintenance,Yes,n/a,Yes,n/a,Strong enforcement of the law for child maintenance,n/a,vMGUPxi3FNFRcxCBuan2NE,uuid:6fc7d94d-51c7-4ae3-b70d-5611603c6227,110944891,6fc7d94d-51c7-4ae3-b70d-5611603c6227,2023-03-16T12:51:23,2023-03-16T12:51:23,
2023-02-27T13:19:48.517Z,2023-03-16T12:36:04.354Z,2023-02-23T11:18:00.000Z,Western Area,District Education office,District Education Office,Employee,Female,Secretary to the Deputy Director Education,Yes,School fee subside and other educational issues,Yes,Yes,Government officials should willingly provide information to women,n/a,n/a,n/a,n/a,n/a,n/a,n/a,n/a,n/a,n/a,n/a,n/a,n/a,vMGUPxi3FNFRcxCBuan2NE,uuid:0408254e-b960-4ab6-a851-6cbf0113b354,110944895,0408254e-b960-4ab6-a851-6cbf0113b354,2023-03-16T12:51:24,2023-03-16T12:51:24,
2023-02-27T13:29:07.526Z,2023-03-16T12:35:29.563Z,2023-02-24T12:55:00.000Z,Western Area,District Education office (WARD),District Education Office,Visitor,Female,n/a,n/a,n/a,n/a,n/a,n/a,46_55,Secondary Education or Higher,Alone,No,n/a,Very accommodating,Check for school fee subside,Yes,n/a,Yes,n/a,n/a,n/a,vMGUPxi3FNFRcxCBuan2NE,uuid:bc4c9a1b-3690-4dd6-b54d-d91f97c878ec,110944897,bc4c9a1b-3690-4dd6-b54d-d91f97c878ec,2023-03-16T12:51:25,2023-03-16T12:51:25,
2023-03-08T13:57:14.023Z,2023-03-16T12:34:45.004Z,2023-02-24T12:17:00.000Z,Western Area,Ministry of Agriculture forestry and food security,Ministry of Agriculture,Employee,Male,Admin Officer ,Yes,Support for tools and how to form groups,Yes,Yes,Building women confidence and capacity ,n/a,n/a,n/a,n/a,n/a,n/a,n/a,n/a,n/a,n/a,n/a,n/a,n/a,vMGUPxi3FNFRcxCBuan2NE,uuid:4aa62460-14aa-4c26-8141-c7b23b783285,110944899,4aa62460-14aa-4c26-8141-c7b23b783285,2023-03-16T12:51:27,2023-03-16T12:51:27,
2023-03-08T14:02:53.960Z,2023-03-16T12:28:56.180Z,2023-03-02T10:44:00.000Z,Western Area,Ministry of Agriculture forestry and food security,Ministry of Agriculture,Visitor,Male,n/a,n/a,n/a,n/a,n/a,n/a,36_45,Secondary Education or Higher,Alone,Yes,Distance it's cost,Staff were so hostile and ready to give information ,Support for seedlings ,Yes,n/a,Yes,n/a,The only problem is the location of the office ,n/a,vMGUPxi3FNFRcxCBuan2NE,uuid:f41bcd44-bef3-4888-9e3a-a3d1c40933bc,110944900,f41bcd44-bef3-4888-9e3a-a3d1c40933bc,2023-03-16T12:51:27,2023-03-16T12:51:27,
2023-02-16T10:34:01.405Z,2023-03-02T15:28:58.170Z,2023-02-17T15:20:00.000Z,Bo,Ministry of Lands,Ministry of Land,Employee,Male,Land surveyor,Yes,"Lands documents, registration and land survey",Yes,Yes,I know women access to information according to our president should be every women's rights. We allowed women to access any information within our control in this ministry,n/a,n/a,n/a,n/a,n/a,n/a,n/a,n/a,n/a,n/a,n/a,n/a,n/a,vMGUPxi3FNFRcxCBuan2NE,uuid:9d6f27e4-2261-4778-90d6-fdb8a4442e0c,110953884,9d6f27e4-2261-4778-90d6-fdb8a4442e0c,2023-03-16T15:02:09,2023-03-16T15:02:09,
2023-02-16T12:27:52.103Z,2023-02-17T05:57:13.621Z,2023-02-17T09:00:00.000Z,Bo,Social Welfare,Ministry of Social Welfare,Employee,Male,Director Salone widows association,Yes,We deal with only women.,Yes,Yes,"Women are not too grounded in most information, most times we provide them information through our local meetings.",n/a,n/a,n/a,n/a,n/a,n/a,n/a,n/a,n/a,n/a,n/a,n/a,n/a,vMGUPxi3FNFRcxCBuan2NE,uuid:03632bec-da04-4754-ae2c-f5f475decf2b,110953888,03632bec-da04-4754-ae2c-f5f475decf2b,2023-03-16T15:02:12,2023-03-16T15:02:12,
2023-02-16T12:40:41.890Z,2023-03-02T15:29:16.971Z,2023-02-21T00:20:00.000Z,Bo,Complain desk. Social Welfare,Social Welfare,Visitor,Male,n/a,n/a,n/a,n/a,n/a,n/a,46_55,Secondary Education or Higher,As a Group,No,n/a,They are accommodating,In request that my son in-law should start taking care of his child,Yes,n/a,Yes,n/a,n/a,n/a,vMGUPxi3FNFRcxCBuan2NE,uuid:1fd6e802-abda-40a3-acad-94f921d2d556,110953890,1fd6e802-abda-40a3-acad-94f921d2d556,2023-03-16T15:02:12,2023-03-16T15:02:12,
2023-02-16T13:14:28.297Z,2023-02-17T05:23:46.230Z,2023-02-17T00:34:00.000Z,Bo,Bo City Council,Bo City Council,Visitor,Female,n/a,n/a,n/a,n/a,n/a,n/a,26_35,Completed Secondary School,Alone,No,n/a,Not bad,It's personal,Yes,n/a,Yes,n/a,n/a,n/a,vMGUPxi3FNFRcxCBuan2NE,uuid:7746b86a-91a0-42ee-be11-463f1f164211,110953898,7746b86a-91a0-42ee-be11-463f1f164211,2023-03-16T15:02:15,2023-03-16T15:02:15,
2023-02-16T13:18:52.796Z,2023-03-16T14:38:17.822Z,2023-02-21T09:08:00.000Z,Bo,Bo City Council,Bo City Council,Employee,Male,Security,Yes,Registration of business and registering of marriages.,Yes,Yes,None,n/a,n/a,n/a,n/a,n/a,n/a,n/a,n/a,n/a,n/a,n/a,n/a,n/a,vMGUPxi3FNFRcxCBuan2NE,uuid:527f960d-c293-4d45-85d8-fddc4b1e883b,110953901,527f960d-c293-4d45-85d8-fddc4b1e883b,2023-03-16T15:02:17,2023-03-16T15:02:17,
2023-02-17T06:12:06.311Z,2023-02-17T11:10:07.575Z,2023-02-20T09:46:00.000Z,Bo,Human Rights,Human Rights Commission,Employee,Male,n/a,Yes,n/a,Yes,Yes,n/a,n/a,n/a,n/a,n/a,n/a,n/a,n/a,n/a,n/a,n/a,n/a,n/a,n/a,vMGUPxi3FNFRcxCBuan2NE,uuid:c6fca5da-4d4d-4624-9809-14237f46c08d,110953909,c6fca5da-4d4d-4624-9809-14237f46c08d,2023-03-16T15:02:20,2023-03-16T15:02:20,
2023-02-15T14:27:16.945Z,2023-02-15T15:28:45.360Z,n/a,Bo,NRA,National Revenue Authority (NRA),Employee,Male,Revenue Officer,Yes,Business registration ,Yes,No,More men standard business ,n/a,n/a,n/a,n/a,n/a,n/a,n/a,n/a,n/a,n/a,n/a,n/a,n/a,vMGUPxi3FNFRcxCBuan2NE,uuid:55fa62ac-baec-4b72-8434-ecb7e5dafd6c,111046288,55fa62ac-baec-4b72-8434-ecb7e5dafd6c,2023-03-17T20:49:29,2023-03-17T20:49:29,
2023-02-15T13:00:19.402Z,2023-02-15T15:21:38.186Z,n/a,Bo,NASSIT,National Social Security and Insurance Trust (NASSIT),Employee,Male,Deputy Manager ,Yes,To check their payment and update their NASSIT ,Yes,Yes,Equal opportunity given to all our members ,n/a,n/a,n/a,n/a,n/a,n/a,n/a,n/a,n/a,n/a,n/a,n/a,n/a,vMGUPxi3FNFRcxCBuan2NE,uuid:55c33218-2251-49ad-a90c-220be43a37c2,111046296,55c33218-2251-49ad-a90c-220be43a37c2,2023-03-17T20:49:36,2023-03-17T20:49:36,
2023-03-09T14:37:12.588Z,2023-03-09T14:42:37.501Z,n/a,Bombali,Action Aid,Action Aid,Visitor,Female,n/a,n/a,n/a,n/a,n/a,n/a,36_45,Completed Secondary School,Alone,Yes,The office welcome me well,Good ,To seek for employment ,Yes,n/a,Yes,n/a,Not all women are bold enought for information ,n/a,vMGUPxi3FNFRcxCBuan2NE,uuid:d19f5371-fba9-4430-9e49-38babc09d796,111181782,d19f5371-fba9-4430-9e49-38babc09d796,2023-03-20T12:08:05,2023-03-20T12:08:05,
2023-03-01T11:12:25.647Z,2023-03-08T11:28:03.317Z,n/a,Bombali,Ministry of Labor Makeni,Ministry of Labor,Visitor,Female,n/a,n/a,n/a,n/a,n/a,n/a,36_45,Secondary Education or Higher,Alone,No,n/a,No difficult with the officials. The only difficulty us to locate the place,To renew my labor Card,Yes,n/a,No,Most women don't have time for this kind of issues ,More Sensitization is needed in this area of information seeking ,n/a,vMGUPxi3FNFRcxCBuan2NE,uuid:53cc2c17-01aa-4039-9671-cfc017d83f5f,111181783,53cc2c17-01aa-4039-9671-cfc017d83f5f,2023-03-20T12:08:05,2023-03-20T12:08:05,
2023-03-08T11:43:19.250Z,2023-03-08T11:52:23.816Z,2023-03-08T12:03:00.000Z,Bombali,Education Ministry ,Ministry of Education,Employee,Male,Staff employee ,Yes,Information based on education ,Yes,Yes,It is really important for Wemen's development ,n/a,n/a,n/a,n/a,n/a,n/a,n/a,n/a,n/a,n/a,n/a,n/a,n/a,vMGUPxi3FNFRcxCBuan2NE,uuid:6ef49a4a-366b-4585-9989-3269b402b2d7,111181793,6ef49a4a-366b-4585-9989-3269b402b2d7,2023-03-20T12:08:06,2023-03-20T12:08:06,
2023-03-14T11:14:34.019Z,2023-03-14T11:18:32.158Z,2023-03-14T11:34:00.000Z,Bombali,Sinof,?,Visitor,Female,n/a,n/a,n/a,n/a,n/a,n/a,36_45,Completed Secondary School,Alone,No,n/a,Good relationship ,On a private business ,Yes,n/a,No,Most women are shy to ask for information ,We women must standup to ask for our right ,n/a,vMGUPxi3FNFRcxCBuan2NE,uuid:6c848762-a43c-4b80-945a-7478547b3873,111181838,6c848762-a43c-4b80-945a-7478547b3873,2023-03-20T12:08:14,2023-03-20T12:08:14,
2023-03-14T14:13:58.118Z,2023-03-14T14:26:38.188Z,n/a,Bombali,Campaign for Good Governance ,Campaign for Good Governance,Visitor,Male,n/a,n/a,n/a,n/a,n/a,n/a,46_55,Secondary Education or Higher,With a Man,No,n/a,Very good relationship ,To make complaint to the office ,Yes,n/a,No,Women are not proactive ,Women needs to take make good use of the opportunities giving to them,n/a,vMGUPxi3FNFRcxCBuan2NE,uuid:56013d40-4147-470c-a2fe-ae66f3423a79,111181843,56013d40-4147-470c-a2fe-ae66f3423a79,2023-03-20T12:08:14,2023-03-20T12:08:14,
2023-03-14T14:54:49.017Z,2023-03-14T14:57:41.840Z,n/a,Bombali,Immigration office ,Immigration Office,Visitor,Female,n/a,n/a,n/a,n/a,n/a,n/a,46_55,Secondary Education or Higher,With a Women,No,n/a,Good ,To pay for passport ,Yes,n/a,Yes,n/a,When ever you asked for information ,n/a,vMGUPxi3FNFRcxCBuan2NE,uuid:dbb2b5ae-ffe7-4902-9993-a0cecf7bfcce,111181848,dbb2b5ae-ffe7-4902-9993-a0cecf7bfcce,2023-03-20T12:08:15,2023-03-20T12:08:15,
2023-03-14T17:09:37.264Z,2023-03-14T17:13:19.552Z,n/a,Bombali,National Revenue Authority ,National Revenue Authority (NRA),Visitor,Female,n/a,n/a,n/a,n/a,n/a,n/a,46_55,Secondary Education or Higher,Alone,No,n/a,Good ,To pay tax,Yes,n/a,No,Women are always shy to ask for information ,We as women need to be bold in everything we do,n/a,vMGUPxi3FNFRcxCBuan2NE,uuid:a8b0de88-0d3a-475a-b015-aafe41378d74,111181852,a8b0de88-0d3a-475a-b015-aafe41378d74,2023-03-20T12:08:16,2023-03-20T12:08:16,
2023-03-15T16:03:49.974Z,2023-03-15T16:06:52.778Z,n/a,Bombali,Sierra Leone Red Cross ,Sierra Leone Red Cross,Visitor,Male,n/a,n/a,n/a,n/a,n/a,n/a,46_55,Secondary Education or Higher,Alone,No,n/a,Good relationship ,To ask for job vacancy ,Yes,n/a,Yes,n/a,Women need to put more effort ,n/a,vMGUPxi3FNFRcxCBuan2NE,uuid:0b6a4142-bbd5-4912-ad0f-ccc2fde618c6,111181864,0b6a4142-bbd5-4912-ad0f-ccc2fde618c6,2023-03-20T12:08:18,2023-03-20T12:08:18,
2023-03-16T13:55:13.923Z,2023-03-16T13:58:50.075Z,2023-03-16T14:15:00.000Z,Bombali,National Revenue Authority ,National Revenue Authority (NRA),Visitor,Female,n/a,n/a,n/a,n/a,n/a,n/a,36_45,Completed Secondary School,Alone,No,n/a,Good ,To pay my yearly tax,Yes,n/a,No,Most women are afraid of asking ,We women need to be bold enough to ask for information ,n/a,vMGUPxi3FNFRcxCBuan2NE,uuid:6cc1e173-651c-4512-ba41-54a1e51c4e05,111181873,6cc1e173-651c-4512-ba41-54a1e51c4e05,2023-03-20T12:08:20,2023-03-20T12:08:20,
2023-03-21T23:12:28.762Z,2023-03-21T23:49:03.500Z,2023-02-20T12:56:00.000Z,Kallahun,Human right,Human Rights Commission,Visitor,Male,n/a,n/a,n/a,n/a,n/a,n/a,26_35,Vocational Training,With a Man,No,n/a,"No difficulty and they can attend to people in a very convenient way.
Any questions ask they are ready to give you the answer .",Just came to work around and also visit,Yes,n/a,Yes,n/a,No,n/a,vMGUPxi3FNFRcxCBuan2NE,uuid:6cfe9aa3-a05c-43d3-bc27-47b370282f8b,111356761,6cfe9aa3-a05c-43d3-bc27-47b370282f8b,2023-03-23T09:28:34,2023-03-23T09:28:34,
2023-03-21T23:22:38.655Z,2023-03-21T23:35:52.463Z,2023-03-13T11:46:00.000Z,Kallahun,Marie Stops ,Marie Stops,Visitor,Female,n/a,n/a,n/a,n/a,n/a,n/a,18_25,Attended Primary School,Alone,No,n/a,"The kind of help this agency have brought to us have paly a very important role in our community.
This organization has prevent most of us from teenage pregnancy and also from given birth to plenty children.",I came to take my three(3) month prevention.,Yes,n/a,Yes,n/a,No,n/a,vMGUPxi3FNFRcxCBuan2NE,uuid:68488cea-d6a8-499b-875a-f68680d941b3,111356763,68488cea-d6a8-499b-875a-f68680d941b3,2023-03-23T09:28:35,2023-03-23T09:28:35,
2023-03-21T23:36:05.917Z,2023-03-21T23:48:23.229Z,2023-02-16T14:59:00.000Z,Kallahun,Marie Stops ,Marie Stops,Visitor,Male,n/a,n/a,n/a,n/a,n/a,n/a,26_35,No Education,With a Man,No,n/a,"This organization is a blessing to us .
Especially for us with out education we give birth numerously to children and can not afford for them with a good education.
But I think with this kind of agency's and sensitization people are given us it will bring a great change in our lives.",I came to accompany my wife for her prevention.,Yes,n/a,Yes,n/a,I hope you will continue to sensitize about this especially women.,n/a,vMGUPxi3FNFRcxCBuan2NE,uuid:1d5928d3-bb24-4fbd-9671-8a3b4c9e8db2,111356764,1d5928d3-bb24-4fbd-9671-8a3b4c9e8db2,2023-03-23T09:28:35,2023-03-23T09:28:35,
2023-03-22T01:21:05.881Z,2023-03-22T01:25:42.667Z,2023-01-27T13:41:00.000Z,Kallahun,Send Sierra Leone ,Send Sierra Leone,Visitor,Male,n/a,n/a,n/a,n/a,n/a,n/a,26_35,Secondary Education or Higher,With a Man,No,n/a,This agency deal with women and they are given all the right in this organization.,I came to visit my friend.,Yes,n/a,Yes,n/a,No,n/a,vMGUPxi3FNFRcxCBuan2NE,uuid:65b6db8e-26d3-43ff-92dd-21e6d21bf05d,111356765,65b6db8e-26d3-43ff-92dd-21e6d21bf05d,2023-03-23T09:28:36,2023-03-23T09:28:36,
2023-04-18T07:44:45.868Z,2023-04-18T07:48:22.110Z,2023-04-16T08:55:00.000Z,Kallahun,Save the children ,Save the Children,Employee,Male,Financial assistance ,No,About children right ,Yes,Yes,None,n/a,n/a,n/a,n/a,n/a,n/a,n/a,n/a,n/a,n/a,n/a,n/a,n/a,vMGUPxi3FNFRcxCBuan2NE,uuid:e9f9307a-6ed6-471b-8fed-12042e745b24,112671525,e9f9307a-6ed6-471b-8fed-12042e745b24,2023-04-18T20:53:57,2023-04-18T20:53:57,
2023-04-19T13:47:22.193Z,2023-04-19T14:34:09.734Z,2023-04-13T10:39:00.000Z,Bo,Ministry of Trade and Industry,Ministry of Trade and Industry,Employee,Male,Trade Monitor Lead,Yes,"To know the reasons for increase in price  of essential goods. 

Market Women comes to access information about the Munafa funds. 

Agric processor comes to enquire for available project on  loans/grants.",Yes,Yes,Women so do to access information compared to the men.,n/a,n/a,n/a,n/a,n/a,n/a,n/a,n/a,n/a,n/a,n/a,n/a,n/a,vMGUPxi3FNFRcxCBuan2NE,uuid:ca816de8-68df-4dad-be63-dd4afcd515b8,112714398,ca816de8-68df-4dad-be63-dd4afcd515b8,2023-04-19T14:46:02,2023-04-19T14:46:02,
2023-04-19T13:55:53.796Z,2023-04-19T14:40:29.604Z,2023-04-14T16:30:00.000Z,Bo,Ministry of Trade and Industry,Ministry of Trade and Industry,Visitor,Female,n/a,n/a,n/a,n/a,n/a,n/a,36_45,Completed Secondary School,Alone,No,n/a,The reception was friendly and the information needed was provided in time.,To know if there is any agric project funding is available.,Yes,n/a,Yes,n/a,I have to come more than two times meeting the staff,n/a,vMGUPxi3FNFRcxCBuan2NE,uuid:84487724-e10c-4fe2-87b7-01e0569955aa,112714402,84487724-e10c-4fe2-87b7-01e0569955aa,2023-04-19T14:46:20,2023-04-19T14:46:20,
2023-04-19T13:57:03.765Z,2023-04-19T14:45:32.679Z,2023-04-17T13:01:00.000Z,Bo,Ministry of Trade and Industry,Ministry of Trade and Industry,Employee,Male,Trade Monitor,Yes,Business Registration,Yes,Yes,More women are coming to ask for project loans/grants compared to the men,n/a,n/a,n/a,n/a,n/a,n/a,n/a,n/a,n/a,n/a,n/a,n/a,n/a,vMGUPxi3FNFRcxCBuan2NE,uuid:49d473ca-e04a-4345-a571-5628e9458421,112714403,49d473ca-e04a-4345-a571-5628e9458421,2023-04-19T14:46:21,2023-04-19T14:46:21,
2023-04-19T13:25:26.212Z,2023-04-19T14:50:03.191Z,2023-03-20T15:30:00.000Z,Bo,National Revenue Authority,National Revenue Authority (NRA),Employee,Male,Revenue Officer,Yes,To pay revenue and withholding taxes,Yes,Yes,None,n/a,n/a,n/a,n/a,n/a,n/a,n/a,n/a,n/a,n/a,n/a,n/a,n/a,vMGUPxi3FNFRcxCBuan2NE,uuid:2a8724b4-0339-49be-a3ff-15febe684914,112714619,2a8724b4-0339-49be-a3ff-15febe684914,2023-04-19T14:50:43,2023-04-19T14:50:43,
2023-04-19T14:54:17.084Z,2023-04-19T20:56:00.594Z,2023-04-18T13:05:00.000Z,Bo,"Ministry of Labor
",Ministry of Labor,Employee,Male,Regional Officer,Yes,"Registration for Labour card, and complaint",Yes,Yes,None,n/a,n/a,n/a,n/a,n/a,n/a,n/a,n/a,n/a,n/a,n/a,n/a,n/a,vMGUPxi3FNFRcxCBuan2NE,uuid:6e5b9290-838a-43ae-a705-f6feb6fbd946,112726044,6e5b9290-838a-43ae-a705-f6feb6fbd946,2023-04-19T20:58:36,2023-04-19T20:58:36,
2023-04-19T15:00:13.503Z,2023-04-19T20:56:43.040Z,2023-04-19T17:12:00.000Z,Bo,Ministry of Labour,Ministry of Labor,Visitor,Female,n/a,n/a,n/a,n/a,n/a,n/a,26_35,Completed Primary School,With a Man,No,n/a,My compliant against my employer was well addressed by the Ministry,To make compliant against my employer for unlawful dismissal.,Yes,n/a,Yes,n/a,I felt satisfied for the justice that was given to me.,n/a,vMGUPxi3FNFRcxCBuan2NE,uuid:0c98a20c-986f-457f-8080-84727eb98ce3,112726045,0c98a20c-986f-457f-8080-84727eb98ce3,2023-04-19T20:58:37,2023-04-19T20:58:37,
2023-04-19T12:42:43.501Z,2023-04-19T21:06:19.206Z,2023-04-18T10:04:00.000Z,Bo,Family Support Unit,Family Support Unit,Visitor,Female,n/a,n/a,n/a,n/a,n/a,n/a,36_45,Completed Primary School,With a Women,No,n/a,Very difficult with a lot of time spent,To seek legal redress,Yes,n/a,Yes,n/a,Women are getting it difficult to access legal services in time,n/a,vMGUPxi3FNFRcxCBuan2NE,uuid:d7256d24-1ee7-436a-a86e-3bab12684f25,112726112,d7256d24-1ee7-436a-a86e-3bab12684f25,2023-04-19T21:07:13,2023-04-19T21:07:13,
2023-04-19T12:55:40.368Z,2023-04-19T21:05:56.163Z,2023-04-19T13:07:00.000Z,Bo,Family Support Unit,Family Support Unit,Visitor,Female,n/a,n/a,n/a,n/a,n/a,n/a,36_45,Secondary Education or Higher,With a Women,No,n/a,Not friendly I was not treated nice by a police officer,To complain of a theft case.,No,The attention was not given to me by the police officer,No,I didn't get the service needed.,Some police officers need to be more professional in treating people.,n/a,vMGUPxi3FNFRcxCBuan2NE,uuid:777f2659-647d-4e81-8d86-bc70e7839996,112726114,777f2659-647d-4e81-8d86-bc70e7839996,2023-04-19T21:07:14,2023-04-19T21:07:14,
2023-04-20T09:08:14.295Z,2023-04-20T09:28:20.334Z,2023-04-14T15:07:00.000Z,Bo,"Ministry of Agriculture
",Ministry of Agriculture,Visitor,Female,n/a,n/a,n/a,n/a,n/a,n/a,36_45,Secondary Education or Higher,Alone,No,n/a,"It was not a bad experience, the reception was good.",To register my Farmer Based Organization,Yes,n/a,No,More women hardly come to access information,More women needs to get interest in accessing public information.,n/a,vMGUPxi3FNFRcxCBuan2NE,uuid:ac933b7b-2382-4075-a79a-f20d4909f49e,112742895,ac933b7b-2382-4075-a79a-f20d4909f49e,2023-04-20T09:29:26,2023-04-20T09:29:26,
2023-04-20T09:29:49.358Z,2023-04-20T09:43:33.290Z,2023-04-17T10:08:00.000Z,Bo,"Ministry of Agriculture
",Ministry of Agriculture,Visitor,Female,n/a,n/a,n/a,n/a,n/a,n/a,46_55,Attended Primary School,Alone,No,n/a,Very friendly,To know the procedure and requirements to register our Famer Based Organization,Yes,n/a,Yes,n/a,None,n/a,vMGUPxi3FNFRcxCBuan2NE,uuid:6eaf9276-082f-43d4-bd4a-35d5af5c73fb,112743465,6eaf9276-082f-43d4-bd4a-35d5af5c73fb,2023-04-20T09:43:43,2023-04-20T09:43:43,
2023-04-20T11:05:44.347Z,2023-04-20T11:14:51.513Z,2023-04-20T11:19:00.000Z,Freetown,Small and Medium Enterprises Development Agency ,Small and Medium Enterprises Development Agency ,Visitor,Female,n/a,n/a,n/a,n/a,n/a,n/a,36_45,Vocational Training,With a Child,Yes,"It was difficult to locate the office, this cost me more money for transportation .",This is her first time of coming here and she hadn't got experience yet.,"To enquire about how they operate in their services, though my friend brief me about them.",No,I have not yet because the person charged with that responsibility just came in and is about to settle down.,No,"We are mostly treated like we are not important in getting information, most offices sometimes see us not important to get certain information.","The offices should be aware that women have the same right as men, information should be made open to us.",n/a,vMGUPxi3FNFRcxCBuan2NE,uuid:da8fcaaf-be6c-485c-ad07-4ce010bf618e,112757873,da8fcaaf-be6c-485c-ad07-4ce010bf618e,2023-04-20T15:04:24,2023-04-20T15:04:24,
2023-04-20T11:18:55.588Z,2023-04-20T11:32:30.103Z,2023-04-20T11:44:00.000Z,Freetown,Small and Medium Enterprises Development Agency ,Small and Medium Enterprises Development Agency ,Visitor,Female,n/a,n/a,n/a,n/a,n/a,n/a,26_35,Completed Secondary School,With a Man,No,n/a,This agency have been good to me interns of experience. I have not yet got any difficult moment with them.,"I came to introduce my brother who want to be a member of this Agency, and also know what is involved.",No,They said the man in charge is not around.,No,"Not all the time that we do access information with the same as men, in certain offices they think when we get these information, we will go and become a problem to our husbands, so they ignored us.",No.,n/a,vMGUPxi3FNFRcxCBuan2NE,uuid:437f60a7-59bb-463d-b477-7581bf44fa60,112757903,437f60a7-59bb-463d-b477-7581bf44fa60,2023-04-20T15:05:12,2023-04-20T15:05:12,
2023-04-19T15:01:16.656Z,2023-04-20T21:32:03.232Z,2023-04-20T11:00:00.000Z,Bo,Ministry of Labor,Ministry of Labor,Visitor,Female,n/a,n/a,n/a,n/a,n/a,n/a,26_35,Secondary Education or Higher,Alone,No,n/a,It's was not easy to do my Labor card registration exercise process.,To get labour card,No,The officer in charge was not available at the time of my visit.,No,I see more women do come here to access information.,The Ministry need to employ more to provide services on time,n/a,vMGUPxi3FNFRcxCBuan2NE,uuid:879a0ad6-fbc0-41a0-95c4-43ddbf641eb5,112767755,879a0ad6-fbc0-41a0-95c4-43ddbf641eb5,2023-04-20T21:32:17,2023-04-20T21:32:17,
2023-04-19T15:08:45.015Z,2023-04-26T22:08:14.213Z,2023-04-25T13:56:00.000Z,Bo,Ministry of Land and Housing,Ministry of Land,Employee,Male,Survey Officer,Yes,"To know about Land 

To do Land survey for them and also acquire processes involved doing survey",Yes,No,Men mostly champion Land issues if women want to lead their husbands will support them.,n/a,n/a,n/a,n/a,n/a,n/a,n/a,n/a,n/a,n/a,n/a,n/a,n/a,vMGUPxi3FNFRcxCBuan2NE,uuid:029e8a27-8f32-4641-82e6-614535aa670f,112955863,029e8a27-8f32-4641-82e6-614535aa670f,2023-04-26T22:08:29,2023-04-26T22:08:29,
2023-04-20T09:53:05.235Z,2023-04-26T22:09:38.926Z,2023-04-26T14:29:00.000Z,Bo,"Human Rights Commission
",Human Rights Commission,Employee,Female,Admin,Yes,"To know about the independence of the commission

To know about the Human Rights protection issues for the people before, during and after the Election",Yes,Yes,There are many challenges women face in accessing information.,n/a,n/a,n/a,n/a,n/a,n/a,n/a,n/a,n/a,n/a,n/a,n/a,n/a,vMGUPxi3FNFRcxCBuan2NE,uuid:dfd0aee3-c063-4230-89bc-14c2c0009cd9,112955896,dfd0aee3-c063-4230-89bc-14c2c0009cd9,2023-04-26T22:09:48,2023-04-26T22:09:48,
2023-04-20T10:07:01.175Z,2023-04-26T22:08:56.329Z,n/a,Bo,Human Rights Commission,Human Rights Commission,Visitor,Female,n/a,n/a,n/a,n/a,n/a,n/a,46_55,Completed Secondary School,Alone,No,n/a,It was good and nice,To help me facilitate the bail of son who has been over detained.,Yes,n/a,Yes,n/a,No,n/a,vMGUPxi3FNFRcxCBuan2NE,uuid:5f0c4e4e-1134-4ffd-95f8-89c1a9d6e151,112955901,5f0c4e4e-1134-4ffd-95f8-89c1a9d6e151,2023-04-26T22:10:19,2023-04-26T22:10:19,
2023-03-13T10:01:31.182Z,2023-03-14T15:00:10.785Z,2023-03-13T10:22:00.000Z,Western Area,DHMT  office Devil Hole,District Health Management Team (DHMT),Visitor,Female,n/a,n/a,n/a,n/a,n/a,n/a,n/a,n/a,Alone,No,n/a,It was good,To observe women assecce to the office today,Yes,n/a,Yes,n/a,"There must be more encouragement to women coming to the office
",n/a,vMGUPxi3FNFRcxCBuan2NE,uuid:4aa0920a-1a69-477c-9d8c-684bffd01601,113695779,4aa0920a-1a69-477c-9d8c-684bffd01601,2023-05-10T15:39:20,2023-05-10T15:39:20,
2023-03-13T10:44:19.476Z,2023-03-16T05:46:07.321Z,2023-03-13T11:22:00.000Z,Western Area,District Health Management Team,District Health Management Team (DHMT),Visitor,Female,n/a,n/a,n/a,n/a,n/a,n/a,26_35,Secondary Education or Higher,Alone,No,n/a,Good,Personal,Yes,n/a,Yes,n/a,I was encourage to get the service I come for as woman,n/a,vMGUPxi3FNFRcxCBuan2NE,uuid:851e41ce-b0a5-4aa6-a6be-94db80d23a4b,113695782,851e41ce-b0a5-4aa6-a6be-94db80d23a4b,2023-05-10T15:39:20,2023-05-10T15:39:20,
2023-03-13T11:12:07.925Z,2023-03-13T12:16:22.669Z,2023-03-13T12:08:00.000Z,Western Area,District Health Management Team Devi hole,District Health Management Team (DHMT),Visitor,Male,n/a,n/a,n/a,n/a,n/a,n/a,36_45,Completed Secondary School,With a Man,No,n/a,For the junior there is no problem ,Working as a cleaner ,Yes,n/a,Yes,n/a,They should have access for women coming ,n/a,vMGUPxi3FNFRcxCBuan2NE,uuid:1f4b491a-2a6b-4124-87bb-23ed7bd3543a,113695783,1f4b491a-2a6b-4124-87bb-23ed7bd3543a,2023-05-10T15:39:21,2023-05-10T15:39:21,
2023-03-13T13:32:06.088Z,2023-03-13T13:55:37.020Z,2023-03-13T14:32:00.000Z,Western Area,Bike driver,Bike Rider Park,Employee,Male,Driver for Bike ,Yes,To know if they are have lineces  and permit in there office ,Yes,Yes,By radio stations and their office,n/a,n/a,n/a,n/a,n/a,n/a,n/a,n/a,n/a,n/a,n/a,n/a,n/a,vMGUPxi3FNFRcxCBuan2NE,uuid:efd203e9-42d5-4fa4-b481-a4c28a9bf9d2,113695786,efd203e9-42d5-4fa4-b481-a4c28a9bf9d2,2023-05-10T15:39:22,2023-05-10T15:39:22,
2023-03-15T12:31:44.428Z,2023-03-15T12:42:00.260Z,2023-03-15T12:32:00.000Z,Western Area,Court ward ,Court Ward,Visitor,Male,n/a,n/a,n/a,n/a,n/a,n/a,36_45,No Education,Alone,No,n/a,To know what are going on in the court ward on cases ,To watch what going on in the court ward on problem people coming for women ,Yes,n/a,Yes,n/a,Information sharing must be clear ,n/a,vMGUPxi3FNFRcxCBuan2NE,uuid:b23efff8-557e-4707-82e3-bed342ffa95f,113695795,b23efff8-557e-4707-82e3-bed342ffa95f,2023-05-10T15:39:25,2023-05-10T15:39:25,
2023-03-17T11:33:45.467Z,2023-03-17T11:41:50.289Z,2023-03-17T11:34:00.000Z,Western Area,Education office Waterloo ,District Education Office,Visitor,Female,n/a,n/a,n/a,n/a,n/a,n/a,46_55,Secondary Education or Higher,Alone,No,n/a,Good ,To get my school supplies like teaching materials ,Yes,n/a,Yes,n/a,They should be sending to the school supplies early ,n/a,vMGUPxi3FNFRcxCBuan2NE,uuid:659d80b1-0336-4bb7-9118-fad1df5d92c5,113695804,659d80b1-0336-4bb7-9118-fad1df5d92c5,2023-05-10T15:39:29,2023-05-10T15:39:29,
2023-03-17T18:15:49.086Z,2023-03-22T01:25:52.706Z,2023-03-21T11:42:00.000Z,Western Area,Western Rural District Council Waterloo,Western Area Rural District Council,Employee,Female,Cleaner,Yes,"Rates ,taxes and others",Yes,Yes,Frequently and easy,n/a,n/a,n/a,n/a,n/a,n/a,n/a,n/a,n/a,n/a,n/a,n/a,n/a,vMGUPxi3FNFRcxCBuan2NE,uuid:ee6bc26a-b623-4da1-a89f-61701580314d,113695817,ee6bc26a-b623-4da1-a89f-61701580314d,2023-05-10T15:39:35,2023-05-10T15:39:35,
2023-04-17T11:56:15.231Z,2023-04-17T12:08:06.871Z,2023-04-17T11:57:00.000Z,Western Area,Bike rider park,Bike Rider Park,Employee,Male,Rider ,Yes,How to get information from the office about the office space ,Yes,Yes,This is because they will like to know how much it would cost to be come a rider,n/a,n/a,n/a,n/a,n/a,n/a,n/a,n/a,n/a,n/a,n/a,n/a,n/a,vMGUPxi3FNFRcxCBuan2NE,uuid:b174dd7e-7a51-427d-a386-ca3211e2b8fb,113695818,b174dd7e-7a51-427d-a386-ca3211e2b8fb,2023-05-10T15:39:35,2023-05-10T15:39:35,
2023-04-17T12:08:25.219Z,2023-04-17T12:19:55.658Z,2023-04-17T12:08:00.000Z,Western Area,Bike rider park ,Bike Rider Park,Visitor,Female,n/a,n/a,n/a,n/a,n/a,n/a,36_45,No Education,Alone,No,n/a,Not too early to get information from the office because at times they are out for cases ,To know how much women riding,Yes,n/a,Yes,n/a,They should always try to be in the office and add to the office space ,n/a,vMGUPxi3FNFRcxCBuan2NE,uuid:b76a6c96-7baa-41b6-a528-d9a9f9fccdb1,113695821,b76a6c96-7baa-41b6-a528-d9a9f9fccdb1,2023-05-10T15:39:36,2023-05-10T15:39:36,
2023-04-18T10:15:00.586Z,2023-04-18T10:24:35.081Z,2023-04-18T10:36:00.000Z,Western Area,"
Sierra Leone Adult Education Association Campbell towm ",Adult Education Association Campbell Town,Employee,Male,Security ,Yes,To get information from the office on the way they are operating ,Yes,Yes,It is easy for women to get information from the office ,n/a,n/a,n/a,n/a,n/a,n/a,n/a,n/a,n/a,n/a,n/a,n/a,n/a,vMGUPxi3FNFRcxCBuan2NE,uuid:a2134610-599f-44f6-b020-8910caf12b89,113695830,a2134610-599f-44f6-b020-8910caf12b89,2023-05-10T15:39:39,2023-05-10T15:39:39,
2023-04-17T14:01:20.088Z,2023-05-10T06:34:09.842Z,2023-04-27T09:43:00.000Z,Western Area,Magistrate Court/Waterloo ,Magistrate Court,Visitor,Female,n/a,n/a,n/a,n/a,n/a,n/a,26_35,Attended Primary School,Alone,No,n/a,It was easy to deal with ,Just get my adjournment date ,Yes,n/a,Yes,n/a,What ever information you try to seek for just be yourself ,n/a,vMGUPxi3FNFRcxCBuan2NE,uuid:d49b6227-e2a5-4bd9-aad7-a51aa97dddcb,113696212,d49b6227-e2a5-4bd9-aad7-a51aa97dddcb,2023-05-10T15:44:17,2023-05-10T15:44:17,
2023-04-17T14:03:42.364Z,2023-05-10T06:43:31.550Z,2023-04-27T11:39:00.000Z,Western Area,Magistrate Court/Waterloo ,Magistrate Court,Visitor,Male,n/a,n/a,n/a,n/a,n/a,n/a,46_55,Completed Secondary School,With a Women,Yes,The process to file in a civil sermon is so challenging interms money required ,Challenging ,To file in a sermon ,Yes,n/a,No,Official look low upon you ,Service should be equally shear to citizen ,n/a,vMGUPxi3FNFRcxCBuan2NE,uuid:da60bf03-5930-419f-8f25-31fa5ec5cfe9,113696216,da60bf03-5930-419f-8f25-31fa5ec5cfe9,2023-05-10T15:44:18,2023-05-10T15:44:18,
2023-04-17T14:08:56.475Z,2023-05-10T06:54:19.247Z,2023-04-28T13:23:00.000Z,Western Area,Gender and Children affairs,Ministry of Social Welfare,Employee,Female,Social worker,Yes,Child maintenance and Wife Neglect,Yes,Yes,Women should build confidence when visit public offices,n/a,n/a,n/a,n/a,n/a,n/a,n/a,n/a,n/a,n/a,n/a,n/a,n/a,vMGUPxi3FNFRcxCBuan2NE,uuid:b03af51c-1dc0-40bc-b6c4-543c3fbef6cc,113696228,b03af51c-1dc0-40bc-b6c4-543c3fbef6cc,2023-05-10T15:44:23,2023-05-10T15:44:23,
2023-04-17T14:10:07.400Z,2023-05-10T06:53:33.311Z,2023-05-02T14:08:00.000Z,Western Area,Social welfare and Children affairs ,Ministry of Social Welfare,Visitor,Female,n/a,n/a,n/a,n/a,n/a,n/a,18_25,Completed Secondary School,With a Women,No,n/a,Very easy ,Child maintenance ,Yes,n/a,Yes,n/a,Confidence is the problem with other women ,n/a,vMGUPxi3FNFRcxCBuan2NE,uuid:b0920e3c-ba2a-4955-8faa-54146272dc8e,113696232,b0920e3c-ba2a-4955-8faa-54146272dc8e,2023-05-10T15:44:24,2023-05-10T15:44:24,
2023-04-17T14:14:18.582Z,2023-05-10T07:00:44.044Z,2023-05-03T14:15:00.000Z,Western Area,District Ministry of Education,Ministry of Education,Visitor,Female,n/a,n/a,n/a,n/a,n/a,n/a,36_45,Secondary Education or Higher,Alone,No,n/a,Very easy ,Transfer of School fee Subside ,Yes,n/a,No,Attitude of some Government officials ,Government officials should always be ready to give information to the public ,n/a,vMGUPxi3FNFRcxCBuan2NE,uuid:efa90802-7726-4463-b917-1d8becc877e7,113696261,efa90802-7726-4463-b917-1d8becc877e7,2023-05-10T15:44:44,2023-05-10T15:44:44,
2023-04-17T14:15:22.985Z,2023-05-10T07:11:35.599Z,2023-05-04T09:24:00.000Z,Western Area,District Ministry of Education/WARDC,Ministry of Education,Employee,Male,Receptionist ,Yes,"School approvals, transfer Subside and school furniture ",Yes,No,Higher should give equal treatment to women no matter what condition ,n/a,n/a,n/a,n/a,n/a,n/a,n/a,n/a,n/a,n/a,n/a,n/a,n/a,vMGUPxi3FNFRcxCBuan2NE,uuid:f055e2fa-5e9d-4a2a-8b09-bbe57d77b4ac,113696265,f055e2fa-5e9d-4a2a-8b09-bbe57d77b4ac,2023-05-10T15:44:45,2023-05-10T15:44:45,
2023-06-02T11:55:23.277Z,2023-06-05T06:38:53.801Z,2023-06-02T14:36:00.000Z,Western Area,SLADEA,Adult Education Association Campbell Town,Visitor,Female,n/a,n/a,n/a,n/a,n/a,n/a,36_45,Completed Secondary School,With a Women,Yes,I was received with respect,So friendly,Agriculture project,Yes,n/a,Yes,n/a,Women should have the confidence to ask questions,n/a,vMGUPxi3FNFRcxCBuan2NE,uuid:b4275fe2-8d44-433b-965e-7ece9039beeb,115245228,b4275fe2-8d44-433b-965e-7ece9039beeb,2023-06-05T09:45:14,2023-06-05T09:45:14,
2023-06-02T11:59:49.359Z,2023-06-05T06:39:16.650Z,2023-06-02T15:07:00.000Z,Western Area,SLADEA,Adult Education Association Campbell Town,Employee,Male,Driver,Yes,Approval of proposals,Yes,Yes,Women should have self esteem and confidence,n/a,n/a,n/a,n/a,n/a,n/a,n/a,n/a,n/a,n/a,n/a,n/a,n/a,vMGUPxi3FNFRcxCBuan2NE,uuid:cadb534d-b85f-4ac7-9b07-cc7685108dba,115245229,cadb534d-b85f-4ac7-9b07-cc7685108dba,2023-06-05T09:45:14,2023-06-05T09:45:14,
2023-06-02T12:43:24.770Z,2023-06-05T06:42:04.334Z,2023-06-02T13:23:00.000Z,Western Area,Western Area Rural District Council,Western Area Rural District Council,Visitor,Female,n/a,n/a,n/a,n/a,n/a,n/a,36_45,Completed Secondary School,Alone,No,n/a,Easy and friendly ,Project review ,Yes,n/a,Yes,n/a,Women should ready to asked for information ,n/a,vMGUPxi3FNFRcxCBuan2NE,uuid:597bc944-b0a1-4e8e-bb8e-ebc313eb8dd7,115245236,597bc944-b0a1-4e8e-bb8e-ebc313eb8dd7,2023-06-05T09:45:16,2023-06-05T09:45:16,
